ops_fid,flight_id,aid,sch_date,sch_st_dep,sch_st_arr,epoch_sch_dep,epoch_sch_arr,prev_ops_fid,next_ops_fid,gmt_offset_dep,gmt_offset_arr,epoch_est_dep,epoch_est_arr,turn,ops_mst_calc,sch_mst_calc,total_seat,prev_turn_time,is_mx,total_pax,J_pax,O_pax,Y_pax,num_connx_pax,delay_penalty,cancel_penalty,swap_options,prev_station,prev_aid
UA_220_2025-09-19_AUS_IAH_0_0,220AUS2025-09-19,4871,2025-09-19,AUS,IAH,1758277800,1758281220,,UA_1962_2025-09-19_IAH_ATL_0_0,-5,-5,1758277800,1758281220,5100,2580,2580,126,2580,false,122,11,0,111,119,122,2635200,[UA_1760_2025-09-19_AUS_EWR_0_0],,0000
UA_1962_2025-09-19_IAH_ATL_0_0,1962IAH2025-09-19,4871,2025-09-19,IAH,ATL,1758285060,1758292920,UA_220_2025-09-19_AUS_IAH_0_0,UA_222_2025-09-19_ATL_IAH_0_0,-5,-4,1758285060,1758292920,2880,2580,2580,126,2580,false,125,12,0,113,0,125,2700000,"[UA_2256_2025-09-19_IAH_MTY_0_0, UA_3932_2025-09-19_IAH_DEN_0_0, UA_1688_2025-09-19_IAH_YYZ_0_0, UA_1060_2025-09-19_IAH_MEX_0_0, UA_1934_2025-09-19_IAH_CLE_0_0]",IAH,4871
UA_222_2025-09-19_ATL_IAH_0_0,222ATL2025-09-19,4871,2025-09-19,ATL,IAH,1758297600,1758305820,UA_1962_2025-09-19_IAH_ATL_0_0,UA_1028_2025-09-19_IAH_MEX_0_0,-4,-5,1758297600,1758305820,2520,2580,2580,126,2580,false,116,11,0,105,49,116,2505600,,ATL,4871
UA_1028_2025-09-19_IAH_MEX_0_0,1028IAH2025-09-19,4871,2025-09-19,IAH,MEX,1758316980,1758325800,UA_222_2025-09-19_ATL_IAH_0_0,MX_4871_2025-09-19_MEX_MEX_false,-5,-6,1758316980,1758325800,2880,3120,3120,126,2580,false,60,10,0,50,0,60,1296000,"[UA_1711_2025-09-19_IAH_AUS_0_0, UA_2472_2025-09-19_IAH_DCA_0_0, UA_1388_2025-09-19_IAH_DFW_0_0]",IAH,4871
MX_4871_2025-09-19_MEX_MEX_false,MX_4871_2025-09-19_MEX_MEX_false,4871,2025-09-19,MEX,MEX,1758325800,1758361800,UA_1028_2025-09-19_IAH_MEX_0_0,UA_428_2025-09-20_MEX_IAH_0_0,,,1758325800,1758361800,5100,5100,5100,,0,true,,,,,,,,,MEX,4871
UA_428_2025-09-20_MEX_IAH_0_0,428MEX2025-09-20,4871,2025-09-20,MEX,IAH,1758371400,1758380820,MX_4871_2025-09-19_MEX_MEX_false,UA_2675_2025-09-20_IAH_PIT_0_0,-6,-5,1758371400,1758380820,5100,2880,2880,126,3120,false,109,9,0,100,87,109,2354400,,MEX,4871
UA_2675_2025-09-20_IAH_PIT_0_0,2675IAH2025-09-20,4871,2025-09-20,IAH,PIT,1758387600,1758397980,UA_428_2025-09-20_MEX_IAH_0_0,UA_2491_2025-09-21_PIT_IAH_0_0,-5,-4,1758387600,1758397980,3600,3480,3480,126,2880,false,103,8,0,95,0,103,2224800,"[UA_2242_2025-09-20_IAH_SLC_0_0, UA_1823_2025-09-20_IAH_SLC_0_0, UA_2045_2025-09-20_IAH_IAD_0_0]",IAH,4871
UA_2491_2025-09-21_PIT_IAH_0_0,2491PIT2025-09-21,4871,2025-09-21,PIT,IAH,1758449400,1758460320,UA_2675_2025-09-20_IAH_PIT_0_0,UA_1594_2025-09-21_IAH_DFW_0_0,-4,-5,1758449400,1758460320,5100,2580,2580,126,3480,false,72,5,0,67,37,72,1555200,,PIT,4871
UA_1594_2025-09-21_IAH_DFW_0_0,1594IAH2025-09-21,4871,2025-09-21,IAH,DFW,1758465960,1758470940,UA_2491_2025-09-21_PIT_IAH_0_0,UA_2112_2025-09-21_DFW_IAH_0_0,-5,-5,1758465960,1758470940,2880,2580,2580,126,2580,false,101,8,0,93,2,101,2181600,"[UA_2242_2025-09-21_IAH_SLC_0_0, UA_2118_2025-09-21_IAH_BJX_0_0, UA_1060_2025-09-21_IAH_MEX_0_0, UA_1823_2025-09-21_IAH_SLC_0_0, UA_794_2025-09-21_IAH_MAF_0_0]",IAH,4871
UA_2112_2025-09-21_DFW_IAH_0_0,2112DFW2025-09-21,4871,2025-09-21,DFW,IAH,1758474300,1758478740,UA_1594_2025-09-21_IAH_DFW_0_0,UA_1455_2025-09-21_IAH_SAT_0_0,-5,-5,1758474300,1758478740,2520,2580,2580,126,2580,false,112,12,0,100,55,112,2419200,,DFW,4871
UA_1455_2025-09-21_IAH_SAT_0_0,1455IAH2025-09-21,4871,2025-09-21,IAH,SAT,1758482400,1758486360,UA_2112_2025-09-21_DFW_IAH_0_0,UA_2157_2025-09-21_SAT_IAH_0_0,-5,-5,1758482400,1758486360,2880,2580,2580,126,2580,false,120,12,0,108,0,120,2592000,"[UA_1711_2025-09-21_IAH_AUS_0_0, UA_1028_2025-09-21_IAH_MEX_0_0, UA_1823_2025-09-21_IAH_SLC_0_0]",IAH,4871
UA_2157_2025-09-21_SAT_IAH_0_0,2157SAT2025-09-21,4871,2025-09-21,SAT,IAH,1758489720,1758493500,UA_1455_2025-09-21_IAH_SAT_0_0,UA_1794_2025-09-21_IAH_MEM_0_0,-5,-5,1758489720,1758493500,2520,2580,2580,126,2580,false,126,11,0,115,119,126,2721600,,SAT,4871
UA_1794_2025-09-21_IAH_MEM_0_0,1794IAH2025-09-21,4871,2025-09-21,IAH,MEM,1758502380,1758508620,UA_2157_2025-09-21_SAT_IAH_0_0,,-5,-5,1758502380,1758508620,2880,2580,2580,126,2580,false,124,10,0,114,0,124,2678400,"[UA_1475_2025-09-21_IAH_SAT_0_0, UA_2119_2025-09-21_IAH_SEA_0_0, UA_313_2025-09-21_IAH_YYZ_0_0, UA_429_2025-09-21_IAH_MEX_0_0]",IAH,4871
UA_469_2025-09-19_SAT_IAH_0_0,469SAT2025-09-19,4872,2025-09-19,SAT,IAH,1758277800,1758281640,,UA_1934_2025-09-19_IAH_CLE_0_0,-5,-5,1758277800,1758281640,5100,2760,2580,126,3480,false,114,11,0,103,107,114,2462400,,,0000
UA_1934_2025-09-19_IAH_CLE_0_0,1934IAH2025-09-19,4872,2025-09-19,IAH,CLE,1758285300,1758295620,UA_469_2025-09-19_SAT_IAH_0_0,UA_1004_2025-09-19_CLE_EWR_0_0,-5,-4,1758285300,1758295620,2880,2580,2580,126,2580,false,120,12,0,108,0,120,2592000,"[UA_2256_2025-09-19_IAH_MTY_0_0, UA_3932_2025-09-19_IAH_DEN_0_0, UA_1688_2025-09-19_IAH_YYZ_0_0, UA_1060_2025-09-19_IAH_MEX_0_0, UA_1962_2025-09-19_IAH_ATL_0_0]",IAH,4872
UA_1004_2025-09-19_CLE_EWR_0_0,1004CLE2025-09-19,4872,2025-09-19,CLE,EWR,1758299040,1758304740,UA_1934_2025-09-19_IAH_CLE_0_0,UA_1004_2025-09-19_EWR_CLT_0_0,-4,-4,1758299040,1758304740,2520,2580,2580,126,2580,false,124,11,0,113,57,124,2678400,,CLE,4872
UA_1004_2025-09-19_EWR_CLT_0_0,1004EWR2025-09-19,4872,2025-09-19,EWR,CLT,1758312000,1758319260,UA_1004_2025-09-19_CLE_EWR_0_0,UA_2094_2025-09-19_CLT_EWR_0_0,-4,-4,1758312000,1758319260,2880,2580,2580,126,2580,false,122,12,0,110,1,122,2635200,,EWR,4872
UA_2094_2025-09-19_CLT_EWR_0_0,2094CLT2025-09-19,4872,2025-09-19,CLT,EWR,1758326460,1758333600,UA_1004_2025-09-19_EWR_CLT_0_0,UA_1890_2025-09-20_EWR_RDU_0_0,-4,-4,1758326460,1758333600,2520,2580,2580,126,2580,false,40,9,0,31,1,40,864000,,CLT,4872
UA_1890_2025-09-20_EWR_RDU_0_0,1890EWR2025-09-20,4872,2025-09-20,EWR,RDU,1758365100,1758371160,UA_2094_2025-09-19_CLT_EWR_0_0,UA_247_2025-09-20_RDU_ORD_0_0,-4,-4,1758365100,1758371160,5100,2580,2580,126,2580,false,113,10,0,103,0,113,2440800,,EWR,4872
UA_247_2025-09-20_RDU_ORD_0_0,247RDU2025-09-20,4872,2025-09-20,RDU,ORD,1758376800,1758385380,UA_1890_2025-09-20_EWR_RDU_0_0,UA_1525_2025-09-20_ORD_AUS_0_0,-4,-5,1758376800,1758385380,2520,2580,2580,126,2580,false,122,9,0,113,30,122,2635200,,RDU,4872
UA_1525_2025-09-20_ORD_AUS_0_0,1525ORD2025-09-20,4872,2025-09-20,ORD,AUS,1758392100,1758402300,UA_247_2025-09-20_RDU_ORD_0_0,UA_1878_2025-09-21_AUS_ORD_0_0,-5,-5,1758392100,1758402300,2880,2580,2580,126,2580,false,115,10,0,105,2,115,2484000,"[UA_623_2025-09-20_ORD_ALB_0_0, UA_1478_2025-09-20_ORD_YEG_0_0, UA_1307_2025-09-20_ORD_MDT_0_0]",ORD,4872
UA_1878_2025-09-21_AUS_ORD_0_0,1878AUS2025-09-21,4872,2025-09-21,AUS,ORD,1758456000,1758466500,UA_1525_2025-09-20_ORD_AUS_0_0,UA_233_2025-09-21_ORD_TVC_0_0,-5,-5,1758456000,1758466500,5100,2580,2580,126,2580,false,122,12,0,110,52,122,2635200,[UA_220_2025-09-21_AUS_IAH_0_0],AUS,4872
UA_233_2025-09-21_ORD_TVC_0_0,233ORD2025-09-21,4872,2025-09-21,ORD,TVC,1758470640,1758475140,UA_1878_2025-09-21_AUS_ORD_0_0,UA_2439_2025-09-21_TVC_ORD_0_0,-5,-4,1758470640,1758475140,2880,2580,2580,126,2580,false,90,5,0,85,0,90,1944000,"[UA_2144_2025-09-21_ORD_YYZ_0_0, UA_2653_2025-09-21_ORD_RDU_0_0, UA_442_2025-09-21_ORD_ORF_0_0, UA_2635_2025-09-21_ORD_CLT_0_0, UA_2164_2025-09-21_ORD_ABQ_0_0, UA_2455_2025-09-21_ORD_SAV_0_0]",ORD,4872
UA_2439_2025-09-21_TVC_ORD_0_0,2439TVC2025-09-21,4872,2025-09-21,TVC,ORD,1758478500,1758483540,UA_233_2025-09-21_ORD_TVC_0_0,UA_793_2025-09-21_ORD_DFW_0_0,-4,-5,1758478500,1758483540,2520,2580,2580,126,2580,false,123,11,0,112,79,123,2656800,,TVC,4872
UA_793_2025-09-21_ORD_DFW_0_0,793ORD2025-09-21,4872,2025-09-21,ORD,DFW,1758487800,1758497220,UA_2439_2025-09-21_TVC_ORD_0_0,UA_1718_2025-09-21_DFW_ORD_0_0,-5,-5,1758487800,1758497220,2880,2580,2580,126,2580,false,124,9,0,115,0,124,2678400,"[UA_2144_2025-09-21_ORD_YYZ_0_0, UA_2635_2025-09-21_ORD_CLT_0_0, UA_1558_2025-09-21_ORD_CHS_0_0]",ORD,4872
UA_1718_2025-09-21_DFW_ORD_0_0,1718DFW2025-09-21,4872,2025-09-21,DFW,ORD,1758500700,1758509880,UA_793_2025-09-21_ORD_DFW_0_0,MX_4872_2025-09-21_ORD_ORD_false,-5,-5,1758500700,1758509880,2520,2580,2580,126,2580,false,120,11,0,109,4,120,2592000,"[UA_1184_2025-09-21_DFW_SFO_0_0, UA_1961_2025-09-21_DFW_DEN_0_0]",DFW,4872
MX_4872_2025-09-21_ORD_ORD_false,MX_4872_2025-09-21_ORD_ORD_false,4872,2025-09-21,ORD,ORD,1758509880,1758538680,UA_1718_2025-09-21_DFW_ORD_0_0,,,,1758509880,1758538680,5100,5100,5100,,0,true,,,,,,,,,ORD,4872
UA_1697_2025-09-19_EUG_SFO_0_0,1697EUG2025-09-19,4873,2025-09-19,EUG,SFO,1758286800,1758292560,,UA_499_2025-09-19_SFO_BNA_0_0,-7,-7,1758286800,1758292560,5100,2580,2580,126,2580,false,68,12,0,56,49,68,1468800,,,0000
UA_499_2025-09-19_SFO_BNA_0_0,499SFO2025-09-19,4873,2025-09-19,SFO,BNA,1758297600,1758313740,UA_1697_2025-09-19_EUG_SFO_0_0,UA_2142_2025-09-19_BNA_SFO_0_0,-7,-5,1758297600,1758313740,2880,2580,2580,126,2580,false,116,11,0,105,0,116,2505600,"[UA_1595_2025-09-19_SFO_CMH_0_0, UA_1027_2025-09-19_SFO_PDX_0_0, UA_2448_2025-09-19_SFO_JAC_0_0, UA_1531_2025-09-19_SFO_MSP_0_0]",SFO,4873
UA_2142_2025-09-19_BNA_SFO_0_0,2142BNA2025-09-19,4873,2025-09-19,BNA,SFO,1758318900,1758336180,UA_499_2025-09-19_SFO_BNA_0_0,UA_653_2025-09-19_SFO_PDX_0_0,-5,-7,1758318900,1758336180,2520,2580,2580,126,2580,false,125,12,0,113,25,125,2700000,[UA_264_2025-09-19_BNA_EWR_0_0],BNA,4873
UA_653_2025-09-19_SFO_PDX_0_0,653SFO2025-09-19,4873,2025-09-19,SFO,PDX,1758340200,1758346620,UA_2142_2025-09-19_BNA_SFO_0_0,UA_1660_2025-09-20_PDX_SFO_0_0,-7,-7,1758340200,1758346620,2880,2580,2580,126,2580,false,119,8,0,111,0,119,2570400,"[UA_2216_2025-09-19_SFO_BUR_0_0, UA_1743_2025-09-19_SFO_SBA_0_0, UA_210_2025-09-19_SFO_ONT_0_0]",SFO,4873
UA_1660_2025-09-20_PDX_SFO_0_0,1660PDX2025-09-20,4873,2025-09-20,PDX,SFO,1758379500,1758386280,UA_653_2025-09-19_SFO_PDX_0_0,UA_1517_2025-09-20_SFO_DFW_0_0,-7,-7,1758379500,1758386280,5100,2580,2580,126,2580,false,108,9,0,99,77,108,2332800,,PDX,4873
UA_1517_2025-09-20_SFO_DFW_0_0,1517SFO2025-09-20,4873,2025-09-20,SFO,DFW,1758390000,1758403320,UA_1660_2025-09-20_PDX_SFO_0_0,UA_1609_2025-09-20_DFW_IAH_0_0,-7,-5,1758390000,1758403320,2880,2580,2580,126,2580,false,108,10,0,98,2,108,2332800,"[UA_1245_2025-09-20_SFO_BOI_0_0, UA_2380_2025-09-20_SFO_DTW_0_0, UA_499_2025-09-20_SFO_BNA_0_0, UA_1417_2025-09-20_SFO_SEA_0_0]",SFO,4873
UA_1609_2025-09-20_DFW_IAH_0_0,1609DFW2025-09-20,4873,2025-09-20,DFW,IAH,1758407100,1758411780,UA_1517_2025-09-20_SFO_DFW_0_0,UA_465_2025-09-20_IAH_IND_0_0,-5,-5,1758407100,1758411780,2520,2580,2580,126,2580,false,33,8,0,25,14,33,712800,[UA_2682_2025-09-20_DFW_IAH_0_0],DFW,4873
UA_465_2025-09-20_IAH_IND_0_0,465IAH2025-09-20,4873,2025-09-20,IAH,IND,1758416580,1758425280,UA_1609_2025-09-20_DFW_IAH_0_0,UA_2227_2025-09-21_IND_IAH_0_0,-5,-4,1758416580,1758425280,2880,3060,2580,126,2580,false,81,9,0,72,0,81,1749600,"[UA_313_2025-09-20_IAH_YYZ_0_0, UA_429_2025-09-20_IAH_MEX_0_0, UA_2352_2025-09-20_IAH_IAD_0_0, UA_1533_2025-09-20_IAH_AUS_0_0]",IAH,4873
UA_2227_2025-09-21_IND_IAH_0_0,2227IND2025-09-21,4873,2025-09-21,IND,IAH,1758452400,1758461580,UA_465_2025-09-20_IAH_IND_0_0,UA_1060_2025-09-21_IAH_MEX_0_0,-4,-5,1758452400,1758461580,5100,2580,2580,126,2580,false,125,12,0,113,93,125,2700000,,IND,4873
UA_1060_2025-09-21_IAH_MEX_0_0,1060IAH2025-09-21,4873,2025-09-21,IAH,MEX,1758464820,1758473100,UA_2227_2025-09-21_IND_IAH_0_0,UA_1091_2025-09-21_MEX_IAH_0_0,-5,-6,1758464820,1758473100,2880,3120,3120,126,2580,false,120,10,0,110,2,120,2592000,"[UA_2242_2025-09-21_IAH_SLC_0_0, UA_2118_2025-09-21_IAH_BJX_0_0, UA_1594_2025-09-21_IAH_DFW_0_0, UA_794_2025-09-21_IAH_MAF_0_0]",IAH,4873
UA_1091_2025-09-21_MEX_IAH_0_0,1091MEX2025-09-21,4873,2025-09-21,MEX,IAH,1758476100,1758484320,UA_1060_2025-09-21_IAH_MEX_0_0,UA_1028_2025-09-21_IAH_MEX_0_0,-6,-5,1758476100,1758484320,3000,2880,2880,126,3120,false,118,10,0,108,57,118,2548800,,MEX,4873
UA_1028_2025-09-21_IAH_MEX_0_0,1028IAH2025-09-21,4873,2025-09-21,IAH,MEX,1758489780,1758498600,UA_1091_2025-09-21_MEX_IAH_0_0,MX_4873_2025-09-21_MEX_MEX_false,-5,-6,1758489780,1758498600,3600,3480,3480,126,2880,false,61,11,0,50,0,61,1317600,"[UA_2119_2025-09-21_IAH_SEA_0_0, UA_1711_2025-09-21_IAH_AUS_0_0, UA_313_2025-09-21_IAH_YYZ_0_0, UA_1455_2025-09-21_IAH_SAT_0_0]",IAH,4873
MX_4873_2025-09-21_MEX_MEX_false,MX_4873_2025-09-21_MEX_MEX_false,4873,2025-09-21,MEX,MEX,1758498600,1758534600,UA_1028_2025-09-21_IAH_MEX_0_0,,,,1758498600,1758534600,5100,5100,5100,,0,true,,,,,,,,,MEX,4873
UA_2471_2025-09-19_ORD_JAX_0_0,2471ORD2025-09-19,4874,2025-09-19,ORD,JAX,1758283200,1758291900,,UA_1239_2025-09-19_JAX_ORD_0_0,-5,-4,1758283200,1758291900,5100,2580,2580,126,2580,false,111,12,0,99,0,111,2397600,[UA_1139_2025-09-19_ORD_DSM_0_0],,0000
UA_1239_2025-09-19_JAX_ORD_0_0,1239JAX2025-09-19,4874,2025-09-19,JAX,ORD,1758295800,1758305700,UA_2471_2025-09-19_ORD_JAX_0_0,UA_2329_2025-09-19_ORD_DTW_0_0,-4,-5,1758295800,1758305700,2520,2580,2580,126,2580,false,124,11,0,113,42,124,2678400,,JAX,4874
UA_2329_2025-09-19_ORD_DTW_0_0,2329ORD2025-09-19,4874,2025-09-19,ORD,DTW,1758309600,1758314760,UA_1239_2025-09-19_JAX_ORD_0_0,UA_426_2025-09-19_DTW_ORD_0_0,-5,-4,1758309600,1758314760,2880,2580,2580,126,2580,false,118,11,0,107,0,118,2548800,"[UA_2091_2025-09-19_ORD_DSM_0_0, UA_442_2025-09-19_ORD_ORF_0_0, UA_1941_2025-09-19_ORD_CVG_0_0]",ORD,4874
UA_426_2025-09-19_DTW_ORD_0_0,426DTW2025-09-19,4874,2025-09-19,DTW,ORD,1758318840,1758324060,UA_2329_2025-09-19_ORD_DTW_0_0,UA_1991_2025-09-19_ORD_ABQ_0_0,-4,-5,1758318840,1758324060,2520,2580,2580,126,2580,false,116,11,0,105,74,116,2505600,,DTW,4874
UA_1991_2025-09-19_ORD_ABQ_0_0,1991ORD2025-09-19,4874,2025-09-19,ORD,ABQ,1758328680,1758340440,UA_426_2025-09-19_DTW_ORD_0_0,MX_4874_2025-09-19_ABQ_ABQ_false,-5,-6,1758328680,1758340440,2880,2580,2580,126,2580,false,107,10,0,97,0,107,2311200,"[UA_1069_2025-09-19_ORD_DTW_0_0, UA_661_2025-09-19_ORD_DSM_0_0]",ORD,4874
MX_4874_2025-09-19_ABQ_ABQ_false,MX_4874_2025-09-19_ABQ_ABQ_false,4874,2025-09-19,ABQ,ABQ,1758340440,1758369240,UA_1991_2025-09-19_ORD_ABQ_0_0,UA_1596_2025-09-20_ABQ_ORD_0_0,,,1758340440,1758369240,5100,5100,5100,,0,true,,,,,,,,,ABQ,4874
UA_1596_2025-09-20_ABQ_ORD_0_0,1596ABQ2025-09-20,4874,2025-09-20,ABQ,ORD,1758378000,1758388740,MX_4874_2025-09-19_ABQ_ABQ_false,UA_1307_2025-09-20_ORD_MDT_0_0,-6,-5,1758378000,1758388740,5100,2580,2580,126,2580,false,123,12,0,111,85,123,2656800,,ABQ,4874
UA_1307_2025-09-20_ORD_MDT_0_0,1307ORD2025-09-20,4874,2025-09-20,ORD,MDT,1758394500,1758401640,UA_1596_2025-09-20_ABQ_ORD_0_0,UA_2684_2025-09-21_MDT_ORD_0_0,-5,-4,1758394500,1758401640,2880,2580,2580,126,2580,false,124,9,0,115,0,124,2678400,"[UA_623_2025-09-20_ORD_ALB_0_0, UA_1478_2025-09-20_ORD_YEG_0_0, UA_1525_2025-09-20_ORD_AUS_0_0]",ORD,4874
UA_2684_2025-09-21_MDT_ORD_0_0,2684MDT2025-09-21,4874,2025-09-21,MDT,ORD,1758451500,1758459180,UA_1307_2025-09-20_ORD_MDT_0_0,UA_2455_2025-09-21_ORD_SAV_0_0,-4,-5,1758451500,1758459180,5100,2580,2580,126,2580,false,121,9,0,112,108,121,2613600,,MDT,4874
UA_2455_2025-09-21_ORD_SAV_0_0,2455ORD2025-09-21,4874,2025-09-21,ORD,SAV,1758462900,1758471540,UA_2684_2025-09-21_MDT_ORD_0_0,UA_754_2025-09-21_SAV_ORD_0_0,-5,-4,1758462900,1758471540,2880,2580,2580,126,2580,false,78,9,0,69,0,78,1684800,"[UA_473_2025-09-21_ORD_DTW_0_0, UA_2653_2025-09-21_ORD_RDU_0_0, UA_442_2025-09-21_ORD_ORF_0_0, UA_2164_2025-09-21_ORD_ABQ_0_0, UA_233_2025-09-21_ORD_TVC_0_0]",ORD,4874
UA_754_2025-09-21_SAV_ORD_0_0,754SAV2025-09-21,4874,2025-09-21,SAV,ORD,1758474900,1758483900,UA_2455_2025-09-21_ORD_SAV_0_0,UA_1558_2025-09-21_ORD_CHS_0_0,-4,-5,1758474900,1758483900,2520,2580,2580,126,2580,false,126,12,0,114,22,126,2721600,,SAV,4874
UA_1558_2025-09-21_ORD_CHS_0_0,1558ORD2025-09-21,4874,2025-09-21,ORD,CHS,1758487800,1758496080,UA_754_2025-09-21_SAV_ORD_0_0,,-5,-4,1758487800,1758496080,2880,2580,2580,126,2580,false,123,11,0,112,0,123,2656800,"[UA_2144_2025-09-21_ORD_YYZ_0_0, UA_2635_2025-09-21_ORD_CLT_0_0, UA_793_2025-09-21_ORD_DFW_0_0]",ORD,4874
UA_1531_2025-09-19_SFO_MSP_0_0,1531SFO2025-09-19,4875,2025-09-19,SFO,MSP,1758295800,1758309420,,UA_1214_2025-09-19_MSP_SFO_0_0,-7,-5,1758295800,1758309420,5100,2580,2580,126,2580,false,120,12,0,108,1,120,2592000,"[UA_1595_2025-09-19_SFO_CMH_0_0, UA_1027_2025-09-19_SFO_PDX_0_0, UA_2448_2025-09-19_SFO_JAC_0_0, UA_499_2025-09-19_SFO_BNA_0_0]",,0000
UA_1214_2025-09-19_MSP_SFO_0_0,1214MSP2025-09-19,4875,2025-09-19,MSP,SFO,1758313200,1758328020,UA_1531_2025-09-19_SFO_MSP_0_0,UA_210_2025-09-19_SFO_ONT_0_0,-5,-7,1758313200,1758328020,2520,2580,2580,126,2580,false,116,12,0,104,27,116,2505600,[UA_2180_2025-09-19_MSP_ORD_0_0],MSP,4875
UA_210_2025-09-19_SFO_ONT_0_0,210SFO2025-09-19,4875,2025-09-19,SFO,ONT,1758334200,1758339180,UA_1214_2025-09-19_MSP_SFO_0_0,UA_2647_2025-09-20_ONT_SFO_0_0,-7,-7,1758334200,1758339180,2880,2580,2580,126,2580,false,118,12,0,106,0,118,2548800,"[UA_2216_2025-09-19_SFO_BUR_0_0, UA_1743_2025-09-19_SFO_SBA_0_0, UA_653_2025-09-19_SFO_PDX_0_0]",SFO,4875
UA_2647_2025-09-20_ONT_SFO_0_0,2647ONT2025-09-20,4875,2025-09-20,ONT,SFO,1758373200,1758377940,UA_210_2025-09-19_SFO_ONT_0_0,UA_1417_2025-09-20_SFO_SEA_0_0,-7,-7,1758373200,1758377940,5100,2580,2580,126,2580,false,119,9,0,110,36,119,2570400,,ONT,4875
UA_1417_2025-09-20_SFO_SEA_0_0,1417SFO2025-09-20,4875,2025-09-20,SFO,SEA,1758387000,1758395220,UA_2647_2025-09-20_ONT_SFO_0_0,UA_1620_2025-09-20_SEA_SFO_0_0,-7,-7,1758387000,1758395220,2880,2580,2580,126,2580,false,120,12,0,108,0,120,2592000,"[UA_1245_2025-09-20_SFO_BOI_0_0, UA_2380_2025-09-20_SFO_DTW_0_0, UA_499_2025-09-20_SFO_BNA_0_0, UA_1517_2025-09-20_SFO_DFW_0_0]",SFO,4875
UA_1620_2025-09-20_SEA_SFO_0_0,1620SEA2025-09-20,4875,2025-09-20,SEA,SFO,1758398700,1758406800,UA_1417_2025-09-20_SFO_SEA_0_0,UA_2339_2025-09-20_SFO_SEA_0_0,-7,-7,1758398700,1758406800,2520,2580,2580,126,2580,false,116,12,0,104,60,116,2505600,,SEA,4875
UA_2339_2025-09-20_SFO_SEA_0_0,2339SFO2025-09-20,4875,2025-09-20,SFO,SEA,1758411300,1758419340,UA_1620_2025-09-20_SEA_SFO_0_0,MX_4875_2025-09-20_SEA_SEA_false,-7,-7,1758411300,1758419340,2880,2580,2580,126,2580,false,71,10,0,61,0,71,1533600,[UA_1174_2025-09-20_SFO_OMA_0_0],SFO,4875
MX_4875_2025-09-20_SEA_SEA_false,MX_4875_2025-09-20_SEA_SEA_false,4875,2025-09-20,SEA,SEA,1758419340,1758448140,UA_2339_2025-09-20_SFO_SEA_0_0,UA_2640_2025-09-21_SEA_SFO_0_0,,,1758419340,1758448140,5100,5100,5100,,0,true,,,,,,,,,SEA,4875
UA_2640_2025-09-21_SEA_SFO_0_0,2640SEA2025-09-21,4875,2025-09-21,SEA,SFO,1758463200,1758471540,MX_4875_2025-09-20_SEA_SEA_false,UA_1957_2025-09-21_SFO_ABQ_0_0,-7,-7,1758463200,1758471540,5100,2580,2580,126,2580,false,118,11,0,107,78,118,2548800,,SEA,4875
UA_1957_2025-09-21_SFO_ABQ_0_0,1957SFO2025-09-21,4875,2025-09-21,SFO,ABQ,1758480840,1758489780,UA_2640_2025-09-21_SEA_SFO_0_0,UA_1016_2025-09-21_ABQ_SFO_0_0,-7,-6,1758480840,1758489780,2880,2580,2580,126,2580,false,122,9,0,113,0,122,2635200,"[UA_336_2025-09-21_SFO_STL_0_0, UA_255_2025-09-21_SFO_AUS_0_0, UA_2448_2025-09-21_SFO_JAC_0_0]",SFO,4875
UA_1016_2025-09-21_ABQ_SFO_0_0,1016ABQ2025-09-21,4875,2025-09-21,ABQ,SFO,1758493140,1758502200,UA_1957_2025-09-21_SFO_ABQ_0_0,,-6,-7,1758493140,1758502200,2520,2580,2580,126,2580,false,122,12,0,110,8,122,2635200,[UA_1968_2025-09-21_ABQ_IAD_0_0],ABQ,4875
UA_2172_2025-09-19_CMH_SFO_0_0,2172CMH2025-09-19,4876,2025-09-19,CMH,SFO,1758286800,1758305040,,UA_255_2025-09-19_SFO_AUS_0_0,-4,-7,1758286800,1758305040,2520,2940,2940,126,2580,false,92,12,0,80,18,92,1987200,,,0000
UA_255_2025-09-19_SFO_AUS_0_0,255SFO2025-09-19,4876,2025-09-19,SFO,AUS,1758312000,1758325020,UA_2172_2025-09-19_CMH_SFO_0_0,UA_789_2025-09-19_AUS_IAH_0_0,-7,-5,1758312000,1758325020,2880,2580,2580,126,2940,false,120,11,0,109,0,120,2592000,"[UA_394_2025-09-19_SFO_SLC_0_0, UA_1668_2025-09-19_SFO_PDX_0_0, UA_2448_2025-09-19_SFO_JAC_0_0]",SFO,4876
UA_789_2025-09-19_AUS_IAH_0_0,789AUS2025-09-19,4876,2025-09-19,AUS,IAH,1758329100,1758332880,UA_255_2025-09-19_SFO_AUS_0_0,UA_1475_2025-09-19_IAH_SAT_0_0,-5,-5,1758329100,1758332880,2520,2580,2580,126,2580,false,41,11,0,30,32,41,885600,"[UA_345_2025-09-19_AUS_DEN_0_0, UA_297_2025-09-19_AUS_DEN_0_0]",AUS,4876
UA_1475_2025-09-19_IAH_SAT_0_0,1475IAH2025-09-19,4876,2025-09-19,IAH,SAT,1758336300,1758340080,UA_789_2025-09-19_AUS_IAH_0_0,UA_469_2025-09-20_SAT_IAH_0_0,-5,-5,1758336300,1758340080,2880,2580,2580,126,2580,false,82,9,0,73,1,82,1771200,"[UA_1780_2025-09-19_IAH_DSM_0_0, UA_1314_2025-09-19_IAH_MAF_0_0]",IAH,4876
UA_469_2025-09-20_SAT_IAH_0_0,469SAT2025-09-20,4876,2025-09-20,SAT,IAH,1758364200,1758368040,UA_1475_2025-09-19_IAH_SAT_0_0,UA_1934_2025-09-20_IAH_CLE_0_0,-5,-5,1758364200,1758368040,5100,2580,2580,126,2580,false,104,9,0,95,102,104,2246400,,SAT,4876
UA_1934_2025-09-20_IAH_CLE_0_0,1934IAH2025-09-20,4876,2025-09-20,IAH,CLE,1758371700,1758382020,UA_469_2025-09-20_SAT_IAH_0_0,UA_1004_2025-09-20_CLE_EWR_0_0,-5,-4,1758371700,1758382020,5100,2580,2580,126,2580,false,104,12,0,92,0,104,2246400,[UA_2242_2025-09-20_IAH_SLC_0_0],IAH,4876
UA_1004_2025-09-20_CLE_EWR_0_0,1004CLE2025-09-20,4876,2025-09-20,CLE,EWR,1758385440,1758391200,UA_1934_2025-09-20_IAH_CLE_0_0,UA_2856_2025-09-20_EWR_DFW_0_0,-4,-4,1758385440,1758391200,2520,2580,2580,126,2580,false,123,12,0,111,110,123,2656800,,CLE,4876
UA_2856_2025-09-20_EWR_DFW_0_0,2856EWR2025-09-20,4876,2025-09-20,EWR,DFW,1758411360,1758425280,UA_1004_2025-09-20_CLE_EWR_0_0,UA_1847_2025-09-21_DFW_EWR_0_0,-4,-5,1758411360,1758425280,5100,2580,2580,126,2580,false,79,7,0,72,0,79,1706400,[UA_1395_2025-09-20_EWR_BOS_0_0],EWR,4876
UA_1847_2025-09-21_DFW_EWR_0_0,1847DFW2025-09-21,4876,2025-09-21,DFW,EWR,1758456000,1758468540,UA_2856_2025-09-20_EWR_DFW_0_0,UA_598_2025-09-21_EWR_SAV_0_0,-5,-4,1758456000,1758468540,5100,2580,2580,126,2580,false,118,11,0,107,7,118,2548800,,DFW,4876
UA_598_2025-09-21_EWR_SAV_0_0,598EWR2025-09-21,4876,2025-09-21,EWR,SAV,1758474000,1758482340,UA_1847_2025-09-21_DFW_EWR_0_0,UA_1330_2025-09-21_SAV_EWR_0_0,-4,-4,1758474000,1758482340,2880,2580,2580,126,2580,false,122,11,0,111,0,122,2635200,,EWR,4876
UA_1330_2025-09-21_SAV_EWR_0_0,1330SAV2025-09-21,4876,2025-09-21,SAV,EWR,1758486360,1758494160,UA_598_2025-09-21_EWR_SAV_0_0,UA_2856_2025-09-21_EWR_DFW_0_0,-4,-4,1758486360,1758494160,2520,2580,2580,126,2580,false,126,12,0,114,8,126,2721600,,SAV,4876
UA_2856_2025-09-21_EWR_DFW_0_0,2856EWR2025-09-21,4876,2025-09-21,EWR,DFW,1758497760,1758511680,UA_1330_2025-09-21_SAV_EWR_0_0,,-4,-5,1758497760,1758511680,2880,2580,2580,126,2580,false,123,12,0,111,0,123,2656800,"[UA_676_2025-09-21_EWR_AUS_0_0, UA_2127_2025-09-21_EWR_CLT_0_0]",EWR,4876
UA_1449_2025-09-19_YVR_SFO_0_0,1449YVR2025-09-19,4878,2025-09-19,YVR,SFO,1758290400,1758299160,,UA_2448_2025-09-19_SFO_JAC_0_0,-7,-7,1758290400,1758299160,5100,2880,2880,126,3120,false,61,10,0,51,41,61,1317600,,,0000
UA_2448_2025-09-19_SFO_JAC_0_0,2448SFO2025-09-19,4878,2025-09-19,SFO,JAC,1758303840,1758311460,UA_1449_2025-09-19_YVR_SFO_0_0,UA_2671_2025-09-19_JAC_DEN_0_0,-7,-6,1758303840,1758311460,2880,3060,3060,126,2880,false,120,10,0,110,0,120,2592000,"[UA_394_2025-09-19_SFO_SLC_0_0, UA_1595_2025-09-19_SFO_CMH_0_0, UA_1668_2025-09-19_SFO_PDX_0_0, UA_255_2025-09-19_SFO_AUS_0_0, UA_1531_2025-09-19_SFO_MSP_0_0, UA_499_2025-09-19_SFO_BNA_0_0]",SFO,4878
UA_2671_2025-09-19_JAC_DEN_0_0,2671JAC2025-09-19,4878,2025-09-19,JAC,DEN,1758315000,1758320760,UA_2448_2025-09-19_SFO_JAC_0_0,UA_1094_2025-09-19_DEN_YYZ_0_0,-6,-6,1758315000,1758320760,2520,2580,2580,126,3060,false,92,10,0,82,83,92,1987200,,JAC,4878
UA_1094_2025-09-19_DEN_YYZ_0_0,1094DEN2025-09-19,4878,2025-09-19,DEN,YYZ,1758325020,1758336480,UA_2671_2025-09-19_JAC_DEN_0_0,UA_490_2025-09-20_YYZ_ORD_0_0,-6,-4,1758325020,1758336480,2880,3120,3120,126,2580,false,115,10,0,105,9,115,2484000,"[UA_2285_2025-09-19_DEN_AUS_0_0, UA_723_2025-09-19_DEN_GTF_0_0, UA_1669_2025-09-19_DEN_BUR_0_0, UA_1726_2025-09-19_DEN_DAY_0_0, UA_616_2025-09-19_DEN_CLT_0_0]",DEN,4878
UA_490_2025-09-20_YYZ_ORD_0_0,490YYZ2025-09-20,4878,2025-09-20,YYZ,ORD,1758366000,1758373140,UA_1094_2025-09-19_DEN_YYZ_0_0,UA_2164_2025-09-20_ORD_ABQ_0_0,-4,-5,1758366000,1758373140,5100,2880,2880,126,3120,false,92,12,0,80,72,92,1987200,,YYZ,4878
UA_2164_2025-09-20_ORD_ABQ_0_0,2164ORD2025-09-20,4878,2025-09-20,ORD,ABQ,1758378000,1758389640,UA_490_2025-09-20_YYZ_ORD_0_0,UA_1968_2025-09-20_ABQ_IAD_0_0,-5,-6,1758378000,1758389640,2880,3060,3060,126,2880,false,110,10,0,100,0,110,2376000,"[UA_1705_2025-09-20_ORD_BOI_0_0, UA_764_2025-09-20_ORD_YYC_0_0]",ORD,4878
UA_1968_2025-09-20_ABQ_IAD_0_0,1968ABQ2025-09-20,4878,2025-09-20,ABQ,IAD,1758401880,1758415320,UA_2164_2025-09-20_ORD_ABQ_0_0,MX_4878_2025-09-20_IAD_IAD_false,-6,-4,1758401880,1758415320,2520,2580,2580,126,3060,false,101,12,0,89,44,101,2181600,,ABQ,4878
MX_4878_2025-09-20_IAD_IAD_false,MX_4878_2025-09-20_IAD_IAD_false,4878,2025-09-20,IAD,IAD,1758415320,1758436920,UA_1968_2025-09-20_ABQ_IAD_0_0,UA_1257_2025-09-21_IAD_BDL_0_0,,,1758415320,1758436920,5100,5100,5100,,0,true,,,,,,,,,IAD,4878
UA_1257_2025-09-21_IAD_BDL_0_0,1257IAD2025-09-21,4878,2025-09-21,IAD,BDL,1758456900,1758461760,MX_4878_2025-09-20_IAD_IAD_false,UA_1786_2025-09-21_BDL_IAD_0_0,-4,-4,1758456900,1758461760,5100,2580,2580,126,2580,false,120,9,0,111,0,120,2592000,[UA_1734_2025-09-21_IAD_BZN_0_0],IAD,4878
UA_1786_2025-09-21_BDL_IAD_0_0,1786BDL2025-09-21,4878,2025-09-21,BDL,IAD,1758465120,1758470100,UA_1257_2025-09-21_IAD_BDL_0_0,UA_1357_2025-09-21_IAD_RDU_0_0,-4,-4,1758465120,1758470100,2520,2580,2580,126,2580,false,123,11,0,112,68,123,2656800,,BDL,4878
UA_1357_2025-09-21_IAD_RDU_0_0,1357IAD2025-09-21,4878,2025-09-21,IAD,RDU,1758474000,1758478200,UA_1786_2025-09-21_BDL_IAD_0_0,UA_2463_2025-09-21_RDU_IAD_0_0,-4,-4,1758474000,1758478200,2880,2580,2580,126,2580,false,121,10,0,111,0,121,2613600,,IAD,4878
UA_2463_2025-09-21_RDU_IAD_0_0,2463RDU2025-09-21,4878,2025-09-21,RDU,IAD,1758481800,1758485880,UA_1357_2025-09-21_IAD_RDU_0_0,UA_2116_2025-09-21_IAD_DFW_0_0,-4,-4,1758481800,1758485880,2520,2580,2580,126,2580,false,122,10,0,112,86,122,2635200,[UA_2395_2025-09-21_RDU_EWR_0_0],RDU,4878
UA_2116_2025-09-21_IAD_DFW_0_0,2116IAD2025-09-21,4878,2025-09-21,IAD,DFW,1758489600,1758501360,UA_2463_2025-09-21_RDU_IAD_0_0,UA_1961_2025-09-21_DFW_DEN_0_0,-4,-5,1758489600,1758501360,2880,2580,2580,126,2580,false,123,10,0,113,2,123,2656800,,IAD,4878
UA_1961_2025-09-21_DFW_DEN_0_0,1961DFW2025-09-21,4878,2025-09-21,DFW,DEN,1758505200,1758513300,UA_2116_2025-09-21_IAD_DFW_0_0,MX_4878_2025-09-21_DEN_DEN_false,-5,-6,1758505200,1758513300,2520,2580,2580,126,2580,false,41,3,0,38,1,41,885600,"[UA_1184_2025-09-21_DFW_SFO_0_0, UA_1718_2025-09-21_DFW_ORD_0_0]",DFW,4878
MX_4878_2025-09-21_DEN_DEN_false,MX_4878_2025-09-21_DEN_DEN_false,4878,2025-09-21,DEN,DEN,1758513300,1758534900,UA_1961_2025-09-21_DFW_DEN_0_0,,,,1758513300,1758534900,5100,5100,5100,,0,true,,,,,,,,,DEN,4878
UA_2004_2025-09-19_YEG_IAH_0_0,2004YEG2025-09-19,4879,2025-09-19,YEG,IAH,1758290700,1758306660,,UA_1388_2025-09-19_IAH_DFW_0_0,-6,-5,1758290700,1758306660,5100,2880,2880,126,3120,false,116,12,0,104,48,116,2505600,,,0000
UA_1388_2025-09-19_IAH_DFW_0_0,1388IAH2025-09-19,4879,2025-09-19,IAH,DFW,1758310500,1758315480,UA_2004_2025-09-19_YEG_IAH_0_0,UA_1609_2025-09-19_DFW_IAH_0_0,-5,-5,1758310500,1758315480,2880,2580,3060,126,2880,false,83,12,0,71,3,83,1792800,"[UA_1711_2025-09-19_IAH_AUS_0_0, UA_2472_2025-09-19_IAH_DCA_0_0, UA_1028_2025-09-19_IAH_MEX_0_0]",IAH,4879
UA_1609_2025-09-19_DFW_IAH_0_0,1609DFW2025-09-19,4879,2025-09-19,DFW,IAH,1758320700,1758325380,UA_1388_2025-09-19_IAH_DFW_0_0,UA_1314_2025-09-19_IAH_MAF_0_0,-5,-5,1758320700,1758325380,2520,2580,2580,126,3060,false,86,12,0,74,63,86,1857600,,DFW,4879
UA_1314_2025-09-19_IAH_MAF_0_0,1314IAH2025-09-19,4879,2025-09-19,IAH,MAF,1758330900,1758336900,UA_1609_2025-09-19_DFW_IAH_0_0,UA_537_2025-09-20_MAF_IAH_0_0,-5,-5,1758330900,1758336900,2880,2580,2580,126,2580,false,36,9,0,27,0,36,777600,"[UA_1780_2025-09-19_IAH_DSM_0_0, UA_1475_2025-09-19_IAH_SAT_0_0]",IAH,4879
UA_537_2025-09-20_MAF_IAH_0_0,537MAF2025-09-20,4879,2025-09-20,MAF,IAH,1758369600,1758375060,UA_1314_2025-09-19_IAH_MAF_0_0,UA_2045_2025-09-20_IAH_IAD_0_0,-5,-5,1758369600,1758375060,5100,2580,2580,126,2580,false,57,5,0,52,44,57,1231200,,MAF,4879
UA_2045_2025-09-20_IAH_IAD_0_0,2045IAH2025-09-20,4879,2025-09-20,IAH,IAD,1758383700,1758394980,UA_537_2025-09-20_MAF_IAH_0_0,UA_1490_2025-09-20_IAD_IAH_0_0,-5,-4,1758383700,1758394980,2880,2580,2580,126,2580,false,90,12,0,78,51,90,1944000,"[UA_2242_2025-09-20_IAH_SLC_0_0, UA_1823_2025-09-20_IAH_SLC_0_0, UA_2675_2025-09-20_IAH_PIT_0_0]",IAH,4879
UA_1490_2025-09-20_IAD_IAH_0_0,1490IAD2025-09-20,4879,2025-09-20,IAD,IAH,1758399000,1758410880,UA_2045_2025-09-20_IAH_IAD_0_0,UA_2352_2025-09-20_IAH_IAD_0_0,-4,-5,1758399000,1758410880,2880,2580,2580,126,2580,false,112,12,0,100,28,112,2419200,,IAD,4879
UA_2352_2025-09-20_IAH_IAD_0_0,2352IAH2025-09-20,4879,2025-09-20,IAH,IAD,1758415800,1758426960,UA_1490_2025-09-20_IAD_IAH_0_0,MX_4879_2025-09-20_IAD_IAD_false,-5,-4,1758415800,1758426960,2880,2580,2580,126,2580,false,103,9,0,94,6,103,2224800,"[UA_313_2025-09-20_IAH_YYZ_0_0, UA_429_2025-09-20_IAH_MEX_0_0, UA_465_2025-09-20_IAH_IND_0_0, UA_1533_2025-09-20_IAH_AUS_0_0]",IAH,4879
MX_4879_2025-09-20_IAD_IAD_false,MX_4879_2025-09-20_IAD_IAD_false,4879,2025-09-20,IAD,IAD,1758426960,1758448560,UA_2352_2025-09-20_IAH_IAD_0_0,UA_1734_2025-09-21_IAD_BZN_0_0,,,1758426960,1758448560,5100,5100,5100,,0,true,,,,,,,,,IAD,4879
UA_1734_2025-09-21_IAD_BZN_0_0,1734IAD2025-09-21,4879,2025-09-21,IAD,BZN,1758457800,1758473400,MX_4879_2025-09-20_IAD_IAD_false,UA_1086_2025-09-21_BZN_IAH_0_0,-4,-6,1758457800,1758473400,5100,2580,2580,126,2580,false,93,11,0,82,0,93,2008800,[UA_1257_2025-09-21_IAD_BDL_0_0],IAD,4879
UA_1086_2025-09-21_BZN_IAH_0_0,1086BZN2025-09-21,4879,2025-09-21,BZN,IAH,1758478800,1758491040,UA_1734_2025-09-21_IAD_BZN_0_0,UA_313_2025-09-21_IAH_YYZ_0_0,-6,-5,1758478800,1758491040,2520,2580,2580,126,2580,false,110,12,0,98,39,110,2376000,,BZN,4879
UA_313_2025-09-21_IAH_YYZ_0_0,313IAH2025-09-21,4879,2025-09-21,IAH,YYZ,1758496560,1758508560,UA_1086_2025-09-21_BZN_IAH_0_0,,-5,-4,1758496560,1758508560,2880,3120,3120,126,2580,false,125,12,0,113,4,125,2700000,"[UA_2119_2025-09-21_IAH_SEA_0_0, UA_1711_2025-09-21_IAH_AUS_0_0, UA_1028_2025-09-21_IAH_MEX_0_0, UA_1794_2025-09-21_IAH_MEM_0_0]",IAH,4879
UA_1060_2025-09-19_IAH_MEX_0_0,1060IAH2025-09-19,4880,2025-09-19,IAH,MEX,1758292020,1758300300,,UA_1091_2025-09-19_MEX_IAH_0_0,-5,-6,1758292020,1758300300,5100,3120,3120,126,0,false,125,10,0,115,0,125,2700000,"[UA_2256_2025-09-19_IAH_MTY_0_0, UA_1688_2025-09-19_IAH_YYZ_0_0, UA_1934_2025-09-19_IAH_CLE_0_0, UA_1962_2025-09-19_IAH_ATL_0_0]",,0000
UA_1091_2025-09-19_MEX_IAH_0_0,1091MEX2025-09-19,4880,2025-09-19,MEX,IAH,1758303300,1758311520,UA_1060_2025-09-19_IAH_MEX_0_0,UA_2472_2025-09-19_IAH_DCA_0_0,-6,-5,1758303300,1758311520,3000,3180,2880,126,3120,false,75,11,0,64,58,75,1620000,,MEX,4880
UA_2472_2025-09-19_IAH_DCA_0_0,2472IAH2025-09-19,4880,2025-09-19,IAH,DCA,1758318300,1758329580,UA_1091_2025-09-19_MEX_IAH_0_0,MX_4880_2025-09-19_DCA_DCA_false,-5,-4,1758318300,1758329580,3600,3780,3480,126,2880,false,63,10,0,53,0,63,1360800,"[UA_1711_2025-09-19_IAH_AUS_0_0, UA_1388_2025-09-19_IAH_DFW_0_0, UA_1028_2025-09-19_IAH_MEX_0_0]",IAH,4880
MX_4880_2025-09-19_DCA_DCA_false,MX_4880_2025-09-19_DCA_DCA_false,4880,2025-09-19,DCA,DCA,1758329580,1758351180,UA_2472_2025-09-19_IAH_DCA_0_0,UA_697_2025-09-20_DCA_IAH_0_0,,,1758329580,1758351180,5100,5100,5100,,0,true,,,,,,,,,DCA,4880
UA_697_2025-09-20_DCA_IAH_0_0,697DCA2025-09-20,4880,2025-09-20,DCA,IAH,1758370800,1758383040,MX_4880_2025-09-19_DCA_DCA_false,UA_1823_2025-09-20_IAH_SLC_0_0,-4,-5,1758370800,1758383040,5100,2760,2580,126,3480,false,88,11,0,77,48,88,1900800,,DCA,4880
UA_1823_2025-09-20_IAH_SLC_0_0,1823IAH2025-09-20,4880,2025-09-20,IAH,SLC,1758389400,1758400920,UA_697_2025-09-20_DCA_IAH_0_0,UA_2198_2025-09-20_SLC_IAH_0_0,-5,-6,1758389400,1758400920,2880,2580,2580,126,2580,false,94,9,0,85,1,94,2030400,"[UA_2242_2025-09-20_IAH_SLC_0_0, UA_2045_2025-09-20_IAH_IAD_0_0, UA_2675_2025-09-20_IAH_PIT_0_0]",IAH,4880
UA_2198_2025-09-20_SLC_IAH_0_0,2198SLC2025-09-20,4880,2025-09-20,SLC,IAH,1758406200,1758417240,UA_1823_2025-09-20_IAH_SLC_0_0,UA_429_2025-09-20_IAH_MEX_0_0,-6,-5,1758406200,1758417240,2520,2760,2580,126,2580,false,65,7,0,58,18,65,1404000,[UA_2659_2025-09-20_SLC_IAH_0_0],SLC,4880
UA_429_2025-09-20_IAH_MEX_0_0,429IAH2025-09-20,4880,2025-09-20,IAH,MEX,1758422760,1758431400,UA_2198_2025-09-20_SLC_IAH_0_0,UA_1085_2025-09-21_MEX_IAH_0_0,-5,-6,1758422760,1758431400,2880,3600,3120,126,2580,false,95,9,0,86,0,95,2052000,"[UA_2352_2025-09-20_IAH_IAD_0_0, UA_465_2025-09-20_IAH_IND_0_0]",IAH,4880
UA_1085_2025-09-21_MEX_IAH_0_0,1085MEX2025-09-21,4880,2025-09-21,MEX,IAH,1758451200,1758459360,UA_429_2025-09-20_IAH_MEX_0_0,UA_2118_2025-09-21_IAH_BJX_0_0,-6,-5,1758451200,1758459360,5100,2880,2880,126,3120,false,91,9,0,82,63,91,1965600,,MEX,4880
UA_2118_2025-09-21_IAH_BJX_0_0,2118IAH2025-09-21,4880,2025-09-21,IAH,BJX,1758465300,1758473340,UA_1085_2025-09-21_MEX_IAH_0_0,UA_1072_2025-09-21_BJX_IAH_0_0,-5,-6,1758465300,1758473340,3600,3780,3480,126,2880,false,53,0,0,53,0,53,1144800,"[UA_2242_2025-09-21_IAH_SLC_0_0, UA_1060_2025-09-21_IAH_MEX_0_0, UA_1594_2025-09-21_IAH_DFW_0_0, UA_1823_2025-09-21_IAH_SLC_0_0, UA_794_2025-09-21_IAH_MAF_0_0]",IAH,4880
UA_1072_2025-09-21_BJX_IAH_0_0,1072BJX2025-09-21,4880,2025-09-21,BJX,IAH,1758476700,1758483840,UA_2118_2025-09-21_IAH_BJX_0_0,UA_1711_2025-09-21_IAH_AUS_0_0,-6,-5,1758476700,1758483840,3000,2880,2880,126,3480,false,127,12,0,115,101,127,2743200,,BJX,4880
UA_1711_2025-09-21_IAH_AUS_0_0,1711IAH2025-09-21,4880,2025-09-21,IAH,AUS,1758489600,1758493380,UA_1072_2025-09-21_BJX_IAH_0_0,UA_345_2025-09-21_AUS_DEN_0_0,-5,-5,1758489600,1758493380,3600,3780,3480,126,2880,false,122,12,0,110,0,122,2635200,"[UA_2119_2025-09-21_IAH_SEA_0_0, UA_313_2025-09-21_IAH_YYZ_0_0, UA_1028_2025-09-21_IAH_MEX_0_0, UA_1455_2025-09-21_IAH_SAT_0_0]",IAH,4880
UA_345_2025-09-21_AUS_DEN_0_0,345AUS2025-09-21,4880,2025-09-21,AUS,DEN,1758496740,1758505200,UA_1711_2025-09-21_IAH_AUS_0_0,MX_4880_2025-09-21_DEN_DEN_false,-5,-6,1758496740,1758505200,2520,2580,2580,126,3480,false,127,9,0,118,36,127,2743200,[UA_789_2025-09-21_AUS_IAH_0_0],AUS,4880
MX_4880_2025-09-21_DEN_DEN_false,MX_4880_2025-09-21_DEN_DEN_false,4880,2025-09-21,DEN,DEN,1758505200,1758526800,UA_345_2025-09-21_AUS_DEN_0_0,,,,1758505200,1758526800,5100,5100,5100,,0,true,,,,,,,,,DEN,4880
UA_1442_2025-09-19_OMA_DEN_0_0,1442OMA2025-09-19,4881,2025-09-19,OMA,DEN,1758279600,1758285540,,UA_397_2025-09-19_DEN_SJC_0_0,-5,-6,1758279600,1758285540,5100,2580,2580,126,2580,false,119,12,0,107,99,119,2570400,,,0000
UA_397_2025-09-19_DEN_SJC_0_0,397DEN2025-09-19,4881,2025-09-19,DEN,SJC,1758291300,1758300660,UA_1442_2025-09-19_OMA_DEN_0_0,UA_431_2025-09-19_SJC_DEN_0_0,-6,-7,1758291300,1758300660,2880,2580,2580,126,2580,false,80,10,0,70,0,80,1728000,"[UA_1451_2025-09-19_DEN_GSP_0_0, UA_1186_2025-09-19_DEN_RNO_0_0, UA_275_2025-09-19_DEN_DFW_0_0]",DEN,4881
UA_431_2025-09-19_SJC_DEN_0_0,431SJC2025-09-19,4881,2025-09-19,SJC,DEN,1758310200,1758319560,UA_397_2025-09-19_DEN_SJC_0_0,UA_616_2025-09-19_DEN_CLT_0_0,-7,-6,1758310200,1758319560,2520,2580,2580,126,2580,false,125,12,0,113,57,125,2700000,,SJC,4881
UA_616_2025-09-19_DEN_CLT_0_0,616DEN2025-09-19,4881,2025-09-19,DEN,CLT,1758324900,1758336780,UA_431_2025-09-19_SJC_DEN_0_0,MX_4881_2025-09-19_CLT_CLT_false,-6,-4,1758324900,1758336780,2880,2580,2580,126,2580,false,115,10,0,105,1,115,2484000,"[UA_2285_2025-09-19_DEN_AUS_0_0, UA_723_2025-09-19_DEN_GTF_0_0, UA_1669_2025-09-19_DEN_BUR_0_0, UA_1726_2025-09-19_DEN_DAY_0_0, UA_1094_2025-09-19_DEN_YYZ_0_0]",DEN,4881
MX_4881_2025-09-19_CLT_CLT_false,MX_4881_2025-09-19_CLT_CLT_false,4881,2025-09-19,CLT,CLT,1758326400,1758355200,UA_616_2025-09-19_DEN_CLT_0_0,UA_2672_2025-09-20_CLT_ORD_0_0,,,1758326400,1758355200,5100,5100,5100,,0,true,,,,,,,,,CLT,4881
UA_2672_2025-09-20_CLT_ORD_0_0,2672CLT2025-09-20,4881,2025-09-20,CLT,ORD,1758364800,1758373200,MX_4881_2025-09-19_CLT_CLT_false,UA_764_2025-09-20_ORD_YYC_0_0,-4,-5,1758364800,1758373200,5100,2580,2580,126,2580,false,79,6,0,73,49,79,1706400,,CLT,4881
UA_764_2025-09-20_ORD_YYC_0_0,764ORD2025-09-20,4881,2025-09-20,ORD,YYC,1758376080,1758389880,UA_2672_2025-09-20_CLT_ORD_0_0,UA_1655_2025-09-20_YYC_ORD_0_0,-5,-6,1758376080,1758389880,2880,3120,3120,126,2580,false,123,10,0,113,0,123,2656800,"[UA_1705_2025-09-20_ORD_BOI_0_0, UA_2164_2025-09-20_ORD_ABQ_0_0]",ORD,4881
UA_1655_2025-09-20_YYC_ORD_0_0,1655YYC2025-09-20,4881,2025-09-20,YYC,ORD,1758393480,1758406200,UA_764_2025-09-20_ORD_YYC_0_0,UA_1504_2025-09-20_ORD_CVG_0_0,-6,-5,1758393480,1758406200,3000,2880,2880,126,3120,false,112,11,0,101,73,112,2419200,,YYC,4881
UA_1504_2025-09-20_ORD_CVG_0_0,1504ORD2025-09-20,4881,2025-09-20,ORD,CVG,1758410400,1758415860,UA_1655_2025-09-20_YYC_ORD_0_0,UA_2287_2025-09-21_CVG_ORD_0_0,-5,-4,1758410400,1758415860,2880,3060,3060,126,2880,false,83,7,0,76,0,83,1792800,[UA_2259_2025-09-20_ORD_MSN_0_0],ORD,4881
UA_2287_2025-09-21_CVG_ORD_0_0,2287CVG2025-09-21,4881,2025-09-21,CVG,ORD,1758452400,1758458040,UA_1504_2025-09-20_ORD_CVG_0_0,UA_2164_2025-09-21_ORD_ABQ_0_0,-4,-5,1758452400,1758458040,5100,2580,2580,126,3060,false,126,7,0,119,119,126,2721600,,CVG,4881
UA_2164_2025-09-21_ORD_ABQ_0_0,2164ORD2025-09-21,4881,2025-09-21,ORD,ABQ,1758464400,1758476040,UA_2287_2025-09-21_CVG_ORD_0_0,UA_1968_2025-09-21_ABQ_IAD_0_0,-5,-6,1758464400,1758476040,2880,2580,2580,126,2580,false,107,11,0,96,0,107,2311200,"[UA_473_2025-09-21_ORD_DTW_0_0, UA_2653_2025-09-21_ORD_RDU_0_0, UA_442_2025-09-21_ORD_ORF_0_0, UA_2455_2025-09-21_ORD_SAV_0_0, UA_233_2025-09-21_ORD_TVC_0_0]",ORD,4881
UA_1968_2025-09-21_ABQ_IAD_0_0,1968ABQ2025-09-21,4881,2025-09-21,ABQ,IAD,1758488280,1758501720,UA_2164_2025-09-21_ORD_ABQ_0_0,MX_4881_2025-09-21_IAD_IAD_false,-6,-4,1758488280,1758501720,2520,2580,2580,126,2580,false,122,10,0,112,28,122,2635200,[UA_1016_2025-09-21_ABQ_SFO_0_0],ABQ,4881
MX_4881_2025-09-21_IAD_IAD_false,MX_4881_2025-09-21_IAD_IAD_false,4881,2025-09-21,IAD,IAD,1758501720,1758505320,UA_1968_2025-09-21_ABQ_IAD_0_0,,,,1758501720,1758505320,5100,5100,5100,,0,true,,,,,,,,,IAD,4881
UA_1139_2025-09-19_ORD_DSM_0_0,1139ORD2025-09-19,4882,2025-09-19,ORD,DSM,1758291120,1758296340,,UA_2306_2025-09-19_DSM_ORD_0_0,-5,-5,1758291120,1758296340,5100,2580,2580,126,2580,false,105,12,0,93,1,105,2268000,"[UA_1297_2025-09-19_ORD_MSP_0_0, UA_442_2025-09-19_ORD_ORF_0_0, UA_2471_2025-09-19_ORD_JAX_0_0]",,0000
UA_2306_2025-09-19_DSM_ORD_0_0,2306DSM2025-09-19,4882,2025-09-19,DSM,ORD,1758299700,1758305340,UA_1139_2025-09-19_ORD_DSM_0_0,UA_1941_2025-09-19_ORD_CVG_0_0,-5,-5,1758299700,1758305340,2520,2580,2580,126,2580,false,101,10,0,91,70,101,2181600,,DSM,4882
UA_1941_2025-09-19_ORD_CVG_0_0,1941ORD2025-09-19,4882,2025-09-19,ORD,CVG,1758309900,1758315000,UA_2306_2025-09-19_DSM_ORD_0_0,UA_1813_2025-09-19_CVG_ORD_0_0,-5,-4,1758309900,1758315000,2880,2580,2580,126,2580,false,112,11,0,101,0,112,2419200,"[UA_2091_2025-09-19_ORD_DSM_0_0, UA_2329_2025-09-19_ORD_DTW_0_0]",ORD,4882
UA_1813_2025-09-19_CVG_ORD_0_0,1813CVG2025-09-19,4882,2025-09-19,CVG,ORD,1758319920,1758325800,UA_1941_2025-09-19_ORD_CVG_0_0,UA_661_2025-09-19_ORD_DSM_0_0,-4,-5,1758319920,1758325800,2520,2580,2580,126,2580,false,122,10,0,112,93,122,2635200,,CVG,4882
UA_661_2025-09-19_ORD_DSM_0_0,661ORD2025-09-19,4882,2025-09-19,ORD,DSM,1758330900,1758336300,UA_1813_2025-09-19_CVG_ORD_0_0,MX_4882_2025-09-19_DSM_DSM_false,-5,-5,1758330900,1758336300,2880,2580,2580,126,2580,false,116,12,0,104,0,116,2505600,"[UA_1069_2025-09-19_ORD_DTW_0_0, UA_1991_2025-09-19_ORD_ABQ_0_0]",ORD,4882
MX_4882_2025-09-19_DSM_DSM_false,MX_4882_2025-09-19_DSM_DSM_false,4882,2025-09-19,DSM,DSM,1758336300,1758339900,UA_661_2025-09-19_ORD_DSM_0_0,UA_1363_2025-09-20_DSM_ORD_0_0,,,1758336300,1758339900,5100,5100,5100,,0,true,,,,,,,,,DSM,4882
UA_1363_2025-09-20_DSM_ORD_0_0,1363DSM2025-09-20,4882,2025-09-20,DSM,ORD,1758373200,1758378840,MX_4882_2025-09-19_DSM_DSM_false,UA_1478_2025-09-20_ORD_YEG_0_0,-5,-5,1758373200,1758378840,5100,2580,2580,126,2580,false,73,9,0,64,61,73,1576800,[UA_1982_2025-09-20_DSM_IAH_0_0],DSM,4882
UA_1478_2025-09-20_ORD_YEG_0_0,1478ORD2025-09-20,4882,2025-09-20,ORD,YEG,1758392820,1758407100,UA_1363_2025-09-20_DSM_ORD_0_0,UA_2004_2025-09-21_YEG_ORD_0_0,-5,-6,1758392820,1758407100,2880,3120,3120,126,2580,false,115,11,0,104,0,115,2484000,"[UA_623_2025-09-20_ORD_ALB_0_0, UA_1307_2025-09-20_ORD_MDT_0_0, UA_1525_2025-09-20_ORD_AUS_0_0]",ORD,4882
UA_2004_2025-09-21_YEG_ORD_0_0,2004YEG2025-09-21,4882,2025-09-21,YEG,ORD,1758463500,1758475920,UA_1478_2025-09-20_ORD_YEG_0_0,UA_2635_2025-09-21_ORD_CLT_0_0,-6,-5,1758463500,1758475920,5100,2880,2880,126,3120,false,124,12,0,112,77,124,2678400,,YEG,4882
UA_2635_2025-09-21_ORD_CLT_0_0,2635ORD2025-09-21,4882,2025-09-21,ORD,CLT,1758480900,1758488700,UA_2004_2025-09-21_YEG_ORD_0_0,UA_702_2025-09-21_CLT_EWR_0_0,-5,-4,1758480900,1758488700,2880,2580,3060,126,2880,false,115,11,0,104,0,115,2484000,"[UA_2144_2025-09-21_ORD_YYZ_0_0, UA_2653_2025-09-21_ORD_RDU_0_0, UA_442_2025-09-21_ORD_ORF_0_0, UA_1558_2025-09-21_ORD_CHS_0_0, UA_793_2025-09-21_ORD_DFW_0_0, UA_233_2025-09-21_ORD_TVC_0_0]",ORD,4882
UA_702_2025-09-21_CLT_EWR_0_0,702CLT2025-09-21,4882,2025-09-21,CLT,EWR,1758493800,1758501000,UA_2635_2025-09-21_ORD_CLT_0_0,UA_2127_2025-09-21_EWR_CLT_0_0,-4,-4,1758493800,1758501000,2520,2580,2580,126,3060,false,125,12,0,113,9,125,2700000,[UA_2094_2025-09-21_CLT_EWR_0_0],CLT,4882
UA_2127_2025-09-21_EWR_CLT_0_0,2127EWR2025-09-21,4882,2025-09-21,EWR,CLT,1758504420,1758512040,UA_702_2025-09-21_CLT_EWR_0_0,MX_4882_2025-09-21_CLT_CLT_false,-4,-4,1758504420,1758512040,2880,2580,2580,126,2580,false,88,7,0,81,0,88,1900800,"[UA_676_2025-09-21_EWR_AUS_0_0, UA_2856_2025-09-21_EWR_DFW_0_0]",EWR,4882
MX_4882_2025-09-21_CLT_CLT_false,MX_4882_2025-09-21_CLT_CLT_false,4882,2025-09-21,CLT,CLT,1758512040,1758533640,UA_2127_2025-09-21_EWR_CLT_0_0,,,,1758512040,1758533640,5100,5100,5100,,0,true,,,,,,,,,CLT,4882
UA_1027_2025-09-19_SFO_PDX_0_0,1027SFO2025-09-19,4883,2025-09-19,SFO,PDX,1758290700,1758297060,,UA_1998_2025-09-19_PDX_SFO_0_0,-7,-7,1758290700,1758297060,5100,2580,2580,126,2580,false,129,10,0,119,1,129,2786400,"[UA_1595_2025-09-19_SFO_CMH_0_0, UA_1531_2025-09-19_SFO_MSP_0_0, UA_499_2025-09-19_SFO_BNA_0_0]",,0000
UA_1998_2025-09-19_PDX_SFO_0_0,1998PDX2025-09-19,4883,2025-09-19,PDX,SFO,1758300420,1758307200,UA_1027_2025-09-19_SFO_PDX_0_0,UA_1668_2025-09-19_SFO_PDX_0_0,-7,-7,1758300420,1758307200,2520,2580,2580,126,2580,false,124,11,0,113,62,124,2678400,,PDX,4883
UA_1668_2025-09-19_SFO_PDX_0_0,1668SFO2025-09-19,4883,2025-09-19,SFO,PDX,1758311700,1758318120,UA_1998_2025-09-19_PDX_SFO_0_0,UA_644_2025-09-19_PDX_SFO_0_0,-7,-7,1758311700,1758318120,2880,2580,2580,126,2580,false,126,12,0,114,0,126,2721600,"[UA_394_2025-09-19_SFO_SLC_0_0, UA_2448_2025-09-19_SFO_JAC_0_0, UA_255_2025-09-19_SFO_AUS_0_0]",SFO,4883
UA_644_2025-09-19_PDX_SFO_0_0,644PDX2025-09-19,4883,2025-09-19,PDX,SFO,1758321840,1758328500,UA_1668_2025-09-19_SFO_PDX_0_0,UA_499_2025-09-20_SFO_BNA_0_0,-7,-7,1758321840,1758328500,2520,2580,2580,126,2580,false,98,10,0,88,28,98,2116800,,PDX,4883
UA_499_2025-09-20_SFO_BNA_0_0,499SFO2025-09-20,4883,2025-09-20,SFO,BNA,1758384000,1758400140,UA_644_2025-09-19_PDX_SFO_0_0,MX_4883_2025-09-20_BNA_BNA_false,-7,-5,1758384000,1758400140,5100,2580,2580,126,2580,false,106,12,0,94,0,106,2289600,"[UA_1245_2025-09-20_SFO_BOI_0_0, UA_2380_2025-09-20_SFO_DTW_0_0, UA_1417_2025-09-20_SFO_SEA_0_0, UA_1517_2025-09-20_SFO_DFW_0_0]",SFO,4883
MX_4883_2025-09-20_BNA_BNA_false,MX_4883_2025-09-20_BNA_BNA_false,4883,2025-09-20,BNA,BNA,1758400140,1758421740,UA_499_2025-09-20_SFO_BNA_0_0,UA_611_2025-09-21_BNA_SFO_0_0,,,1758400140,1758421740,5100,5100,5100,,0,true,,,,,,,,,BNA,4883
UA_611_2025-09-21_BNA_SFO_0_0,611BNA2025-09-21,4883,2025-09-21,BNA,SFO,1758455100,1758472380,MX_4883_2025-09-20_BNA_BNA_false,UA_2448_2025-09-21_SFO_JAC_0_0,-5,-7,1758455100,1758472380,5100,2580,2580,126,2580,false,125,12,0,113,22,125,2700000,[UA_1716_2025-09-21_BNA_DEN_0_0],BNA,4883
UA_2448_2025-09-21_SFO_JAC_0_0,2448SFO2025-09-21,4883,2025-09-21,SFO,JAC,1758476640,1758484260,UA_611_2025-09-21_BNA_SFO_0_0,UA_2671_2025-09-21_JAC_DEN_0_0,-7,-6,1758476640,1758484260,2880,2580,2580,126,2580,false,107,10,0,97,0,107,2311200,"[UA_336_2025-09-21_SFO_STL_0_0, UA_255_2025-09-21_SFO_AUS_0_0, UA_1957_2025-09-21_SFO_ABQ_0_0]",SFO,4883
UA_2671_2025-09-21_JAC_DEN_0_0,2671JAC2025-09-21,4883,2025-09-21,JAC,DEN,1758487800,1758493560,UA_2448_2025-09-21_SFO_JAC_0_0,UA_1726_2025-09-21_DEN_DAY_0_0,-6,-6,1758487800,1758493560,2520,2580,2580,126,2580,false,114,12,0,102,101,114,2462400,,JAC,4883
UA_1726_2025-09-21_DEN_DAY_0_0,1726DEN2025-09-21,4883,2025-09-21,DEN,DAY,1758497400,1758507120,UA_2671_2025-09-21_JAC_DEN_0_0,,-6,-4,1758497400,1758507120,2880,2580,2580,126,2580,false,126,11,0,115,0,126,2721600,"[UA_640_2025-09-21_DEN_DFW_0_0, UA_1672_2025-09-21_DEN_SBA_0_0, UA_1300_2025-09-21_DEN_BNA_0_0]",DEN,4883
UA_1597_2025-09-19_DAY_DEN_0_0,1597DAY2025-09-19,4884,2025-09-19,DAY,DEN,1758288420,1758299700,,UA_221_2025-09-19_DEN_ELP_0_0,-4,-6,1758288420,1758299700,5100,2580,2580,126,2580,false,114,12,0,102,55,114,2462400,,,0000
UA_221_2025-09-19_DEN_ELP_0_0,221DEN2025-09-19,4884,2025-09-19,DEN,ELP,1758303900,1758310440,UA_1597_2025-09-19_DAY_DEN_0_0,UA_1894_2025-09-19_ELP_DEN_0_0,-6,-6,1758303900,1758310440,2880,2580,2580,126,2580,false,121,10,0,111,0,121,2613600,"[UA_401_2025-09-19_DEN_HDN_0_0, UA_1451_2025-09-19_DEN_GSP_0_0]",DEN,4884
UA_1894_2025-09-19_ELP_DEN_0_0,1894ELP2025-09-19,4884,2025-09-19,ELP,DEN,1758314100,1758321000,UA_221_2025-09-19_DEN_ELP_0_0,UA_1726_2025-09-19_DEN_DAY_0_0,-6,-6,1758314100,1758321000,2520,2580,2580,126,2580,false,121,10,0,111,89,121,2613600,,ELP,4884
UA_1726_2025-09-19_DEN_DAY_0_0,1726DEN2025-09-19,4884,2025-09-19,DEN,DAY,1758324600,1758334320,UA_1894_2025-09-19_ELP_DEN_0_0,UA_1597_2025-09-20_DAY_DEN_0_0,-6,-4,1758324600,1758334320,2880,2580,2580,126,2580,false,116,12,0,104,0,116,2505600,"[UA_2285_2025-09-19_DEN_AUS_0_0, UA_723_2025-09-19_DEN_GTF_0_0, UA_1669_2025-09-19_DEN_BUR_0_0, UA_616_2025-09-19_DEN_CLT_0_0, UA_1094_2025-09-19_DEN_YYZ_0_0]",DEN,4884
UA_1597_2025-09-20_DAY_DEN_0_0,1597DAY2025-09-20,4884,2025-09-20,DAY,DEN,1758374820,1758386100,UA_1726_2025-09-19_DEN_DAY_0_0,UA_1183_2025-09-20_DEN_GTF_0_0,-4,-6,1758374820,1758386100,5100,2580,2580,126,2580,false,104,9,0,95,70,104,2246400,,DAY,4884
UA_1183_2025-09-20_DEN_GTF_0_0,1183DEN2025-09-20,4884,2025-09-20,DEN,GTF,1758390120,1758397020,UA_1597_2025-09-20_DAY_DEN_0_0,UA_1965_2025-09-20_GTF_DEN_0_0,-6,-6,1758390120,1758397020,2880,2580,2580,126,2580,false,116,11,0,105,0,116,2505600,"[UA_493_2025-09-20_DEN_MTJ_0_0, UA_1121_2025-09-20_DEN_MSP_0_0, UA_275_2025-09-20_DEN_PNS_0_0]",DEN,4884
UA_1965_2025-09-20_GTF_DEN_0_0,1965GTF2025-09-20,4884,2025-09-20,GTF,DEN,1758400500,1758407580,UA_1183_2025-09-20_DEN_GTF_0_0,UA_1351_2025-09-20_DEN_FAR_0_0,-6,-6,1758400500,1758407580,2520,2580,2580,126,2580,false,116,12,0,104,99,116,2505600,,GTF,4884
UA_1351_2025-09-20_DEN_FAR_0_0,1351DEN2025-09-20,4884,2025-09-20,DEN,FAR,1758411600,1758418260,UA_1965_2025-09-20_GTF_DEN_0_0,UA_2001_2025-09-21_FAR_DEN_0_0,-6,-5,1758411600,1758418260,2880,2580,2580,126,2580,false,121,7,0,114,0,121,2613600,"[UA_616_2025-09-20_DEN_CLT_0_0, UA_1726_2025-09-20_DEN_DAY_0_0, UA_1300_2025-09-20_DEN_BNA_0_0]",DEN,4884
UA_2001_2025-09-21_FAR_DEN_0_0,2001FAR2025-09-21,4884,2025-09-21,FAR,DEN,1758463200,1758470520,UA_1351_2025-09-20_DEN_FAR_0_0,UA_2111_2025-09-21_DEN_MEM_0_0,-5,-6,1758463200,1758470520,5100,2580,2580,126,2580,false,110,7,0,103,83,110,2376000,,FAR,4884
UA_2111_2025-09-21_DEN_MEM_0_0,2111DEN2025-09-21,4884,2025-09-21,DEN,MEM,1758474120,1758482280,UA_2001_2025-09-21_FAR_DEN_0_0,UA_1906_2025-09-21_MEM_DEN_0_0,-6,-5,1758474120,1758482280,2880,2580,2580,126,2580,false,110,10,0,100,0,110,2376000,"[UA_401_2025-09-21_DEN_HDN_0_0, UA_456_2025-09-21_DEN_AUS_0_0, UA_2154_2025-09-21_DEN_BUR_0_0]",DEN,4884
UA_1906_2025-09-21_MEM_DEN_0_0,1906MEM2025-09-21,4884,2025-09-21,MEM,DEN,1758486000,1758495240,UA_2111_2025-09-21_DEN_MEM_0_0,UA_1300_2025-09-21_DEN_BNA_0_0,-5,-6,1758486000,1758495240,2520,2580,2580,126,2580,false,127,11,0,116,35,127,2743200,,MEM,4884
UA_1300_2025-09-21_DEN_BNA_0_0,1300DEN2025-09-21,4884,2025-09-21,DEN,BNA,1758498900,1758508500,UA_1906_2025-09-21_MEM_DEN_0_0,MX_4884_2025-09-21_BNA_BNA_false,-6,-5,1758498900,1758508500,2880,2580,2580,126,2580,false,123,11,0,112,0,123,2656800,"[UA_640_2025-09-21_DEN_DFW_0_0, UA_1672_2025-09-21_DEN_SBA_0_0, UA_1726_2025-09-21_DEN_DAY_0_0]",DEN,4884
MX_4884_2025-09-21_BNA_BNA_false,MX_4884_2025-09-21_BNA_BNA_false,4884,2025-09-21,BNA,BNA,1758508500,1758530100,UA_1300_2025-09-21_DEN_BNA_0_0,,,,1758508500,1758530100,5100,5100,5100,,0,true,,,,,,,,,BNA,4884
UA_275_2025-09-19_DEN_DFW_0_0,275DEN2025-09-19,4888,2025-09-19,DEN,DFW,1758289560,1758297000,,UA_358_2025-09-19_DFW_IAD_0_0,-6,-5,1758289560,1758297000,5100,2580,2580,126,2580,false,105,11,0,94,4,105,2268000,"[UA_1451_2025-09-19_DEN_GSP_0_0, UA_1186_2025-09-19_DEN_RNO_0_0, UA_397_2025-09-19_DEN_SJC_0_0]",,0000
UA_358_2025-09-19_DFW_IAD_0_0,358DFW2025-09-19,4888,2025-09-19,DFW,IAD,1758301800,1758312720,UA_275_2025-09-19_DEN_DFW_0_0,UA_2081_2025-09-19_IAD_ATL_0_0,-5,-4,1758301800,1758312720,2520,2580,2580,126,2580,false,122,12,0,110,47,122,2635200,,DFW,4888
UA_2081_2025-09-19_IAD_ATL_0_0,2081IAD2025-09-19,4888,2025-09-19,IAD,ATL,1758318300,1758325080,UA_358_2025-09-19_DFW_IAD_0_0,MX_4888_2025-09-19_ATL_ATL_false,-4,-4,1758318300,1758325080,2880,2580,2580,126,2580,false,116,12,0,104,1,116,2505600,,IAD,4888
MX_4888_2025-09-19_ATL_ATL_false,MX_4888_2025-09-19_ATL_ATL_false,4888,2025-09-19,ATL,ATL,1758325080,1758353880,UA_2081_2025-09-19_IAD_ATL_0_0,UA_632_2025-09-20_ATL_IAD_0_0,,,1758325080,1758353880,5100,5100,5100,,0,true,,,,,,,,,ATL,4888
UA_632_2025-09-20_ATL_IAD_0_0,632ATL2025-09-20,4888,2025-09-20,ATL,IAD,1758375300,1758381840,MX_4888_2025-09-19_ATL_ATL_false,UA_1840_2025-09-20_IAD_DFW_0_0,-4,-4,1758375300,1758381840,5100,2580,2580,126,2580,false,97,9,0,88,50,97,2095200,,ATL,4888
UA_1840_2025-09-20_IAD_DFW_0_0,1840IAD2025-09-20,4888,2025-09-20,IAD,DFW,1758386880,1758398640,UA_632_2025-09-20_ATL_IAD_0_0,UA_2682_2025-09-20_DFW_IAH_0_0,-4,-5,1758386880,1758398640,2880,2580,2580,126,2580,false,96,10,0,86,2,96,2073600,,IAD,4888
UA_2682_2025-09-20_DFW_IAH_0_0,2682DFW2025-09-20,4888,2025-09-20,DFW,IAH,1758402000,1758406440,UA_1840_2025-09-20_IAD_DFW_0_0,UA_1533_2025-09-20_IAH_AUS_0_0,-5,-5,1758402000,1758406440,2520,2580,2580,126,2580,false,58,9,0,49,31,58,1252800,[UA_1609_2025-09-20_DFW_IAH_0_0],DFW,4888
UA_1533_2025-09-20_IAH_AUS_0_0,1533IAH2025-09-20,4888,2025-09-20,IAH,AUS,1758411180,1758414960,UA_2682_2025-09-20_DFW_IAH_0_0,UA_220_2025-09-21_AUS_IAH_0_0,-5,-5,1758411180,1758414960,2880,2580,2580,126,2580,false,88,10,0,78,0,88,1900800,"[UA_313_2025-09-20_IAH_YYZ_0_0, UA_2352_2025-09-20_IAH_IAD_0_0, UA_465_2025-09-20_IAH_IND_0_0]",IAH,4888
UA_220_2025-09-21_AUS_IAH_0_0,220AUS2025-09-21,4888,2025-09-21,AUS,IAH,1758450600,1758454020,UA_1533_2025-09-20_IAH_AUS_0_0,UA_794_2025-09-21_IAH_MAF_0_0,-5,-5,1758450600,1758454020,5100,2580,2580,126,2580,false,122,10,0,112,119,122,2635200,[UA_1878_2025-09-21_AUS_ORD_0_0],AUS,4888
UA_794_2025-09-21_IAH_MAF_0_0,794IAH2025-09-21,4888,2025-09-21,IAH,MAF,1758457200,1758462600,UA_220_2025-09-21_AUS_IAH_0_0,UA_1737_2025-09-21_MAF_IAH_0_0,-5,-5,1758457200,1758462600,2880,2580,2580,126,2580,false,21,4,0,17,0,21,453600,"[UA_2242_2025-09-21_IAH_SLC_0_0, UA_2118_2025-09-21_IAH_BJX_0_0, UA_1060_2025-09-21_IAH_MEX_0_0, UA_1594_2025-09-21_IAH_DFW_0_0]",IAH,4888
UA_1737_2025-09-21_MAF_IAH_0_0,1737MAF2025-09-21,4888,2025-09-21,MAF,IAH,1758465960,1758471300,UA_794_2025-09-21_IAH_MAF_0_0,UA_1823_2025-09-21_IAH_SLC_0_0,-5,-5,1758465960,1758471300,2520,2580,2580,126,2580,false,46,5,0,41,31,46,993600,,MAF,4888
UA_1823_2025-09-21_IAH_SLC_0_0,1823IAH2025-09-21,4888,2025-09-21,IAH,SLC,1758475800,1758487320,UA_1737_2025-09-21_MAF_IAH_0_0,UA_2198_2025-09-21_SLC_IAH_0_0,-5,-6,1758475800,1758487320,2880,2580,2580,126,2580,false,118,12,0,106,0,118,2548800,"[UA_2242_2025-09-21_IAH_SLC_0_0, UA_2118_2025-09-21_IAH_BJX_0_0, UA_1455_2025-09-21_IAH_SAT_0_0, UA_1594_2025-09-21_IAH_DFW_0_0]",IAH,4888
UA_2198_2025-09-21_SLC_IAH_0_0,2198SLC2025-09-21,4888,2025-09-21,SLC,IAH,1758492600,1758503640,UA_1823_2025-09-21_IAH_SLC_0_0,UA_429_2025-09-21_IAH_MEX_0_0,-6,-5,1758492600,1758503640,2520,2580,2580,126,2580,false,125,11,0,114,28,125,2700000,[UA_2659_2025-09-21_SLC_IAH_0_0],SLC,4888
UA_429_2025-09-21_IAH_MEX_0_0,429IAH2025-09-21,4888,2025-09-21,IAH,MEX,1758509160,1758517800,UA_2198_2025-09-21_SLC_IAH_0_0,,-5,-6,1758509160,1758517800,2880,3120,3120,126,2580,false,97,6,0,91,0,97,2095200,"[UA_1475_2025-09-21_IAH_SAT_0_0, UA_1794_2025-09-21_IAH_MEM_0_0]",IAH,4888
UA_1760_2025-09-19_AUS_EWR_0_0,1760AUS2025-09-19,4889,2025-09-19,AUS,EWR,1758280080,1758293940,,UA_1360_2025-09-19_EWR_BNA_0_0,-5,-4,1758280080,1758293940,5100,2580,2580,126,2580,false,122,12,0,110,11,122,2635200,[UA_220_2025-09-19_AUS_IAH_0_0],,0000
UA_1360_2025-09-19_EWR_BNA_0_0,1360EWR2025-09-19,4889,2025-09-19,EWR,BNA,1758297540,1758306120,UA_1760_2025-09-19_AUS_EWR_0_0,UA_264_2025-09-19_BNA_EWR_0_0,-4,-5,1758297540,1758306120,2880,2580,2580,126,2580,false,125,12,0,113,1,125,2700000,,EWR,4889
UA_264_2025-09-19_BNA_EWR_0_0,264BNA2025-09-19,4889,2025-09-19,BNA,EWR,1758310020,1758318300,UA_1360_2025-09-19_EWR_BNA_0_0,UA_2856_2025-09-19_EWR_DFW_0_0,-5,-4,1758310020,1758318300,2520,2580,2580,126,2580,false,121,11,0,110,56,121,2613600,[UA_2142_2025-09-19_BNA_SFO_0_0],BNA,4889
UA_2856_2025-09-19_EWR_DFW_0_0,2856EWR2025-09-19,4889,2025-09-19,EWR,DFW,1758324960,1758338880,UA_264_2025-09-19_BNA_EWR_0_0,MX_4889_2025-09-19_DFW_DFW_false,-4,-5,1758324960,1758338880,2880,2580,2580,126,2580,false,105,11,0,94,0,105,2268000,,EWR,4889
MX_4889_2025-09-19_DFW_DFW_false,MX_4889_2025-09-19_DFW_DFW_false,4889,2025-09-19,DFW,DFW,1758338880,1758342480,UA_2856_2025-09-19_EWR_DFW_0_0,UA_1847_2025-09-20_DFW_EWR_0_0,,,1758338880,1758342480,5100,5100,5100,,0,true,,,,,,,,,DFW,4889
UA_1847_2025-09-20_DFW_EWR_0_0,1847DFW2025-09-20,4889,2025-09-20,DFW,EWR,1758369600,1758382140,MX_4889_2025-09-19_DFW_DFW_false,UA_598_2025-09-20_EWR_SAV_0_0,-5,-4,1758369600,1758382140,5100,2580,2580,126,2580,false,105,11,0,94,14,105,2268000,,DFW,4889
UA_598_2025-09-20_EWR_SAV_0_0,598EWR2025-09-20,4889,2025-09-20,EWR,SAV,1758387600,1758395940,UA_1847_2025-09-20_DFW_EWR_0_0,UA_2074_2025-09-20_SAV_EWR_0_0,-4,-4,1758387600,1758395940,2880,2580,2580,126,2580,false,122,11,0,111,0,122,2635200,,EWR,4889
UA_2074_2025-09-20_SAV_EWR_0_0,2074SAV2025-09-20,4889,2025-09-20,SAV,EWR,1758403200,1758411000,UA_598_2025-09-20_EWR_SAV_0_0,UA_1395_2025-09-20_EWR_BOS_0_0,-4,-4,1758403200,1758411000,2520,2580,2580,126,2580,false,92,9,0,83,9,92,1987200,,SAV,4889
UA_1395_2025-09-20_EWR_BOS_0_0,1395EWR2025-09-20,4889,2025-09-20,EWR,BOS,1758419940,1758424920,UA_2074_2025-09-20_SAV_EWR_0_0,UA_1833_2025-09-21_BOS_EWR_0_0,-4,-4,1758419940,1758424920,2880,2580,2580,126,2580,false,111,11,0,100,0,111,2397600,[UA_2856_2025-09-20_EWR_DFW_0_0],EWR,4889
UA_1833_2025-09-21_BOS_EWR_0_0,1833BOS2025-09-21,4889,2025-09-21,BOS,EWR,1758448800,1758453780,UA_1395_2025-09-20_EWR_BOS_0_0,UA_1833_2025-09-21_EWR_ATL_0_0,-4,-4,1758448800,1758453780,5100,2580,2580,126,2580,false,48,7,0,41,40,48,1036800,,BOS,4889
UA_1833_2025-09-21_EWR_ATL_0_0,1833EWR2025-09-21,4889,2025-09-21,EWR,ATL,1758459600,1758468480,UA_1833_2025-09-21_BOS_EWR_0_0,UA_1915_2025-09-21_ATL_EWR_0_0,-4,-4,1758459600,1758468480,2880,2580,2580,126,2580,false,123,10,0,113,0,123,2656800,,EWR,4889
UA_1915_2025-09-21_ATL_EWR_0_0,1915ATL2025-09-21,4889,2025-09-21,ATL,EWR,1758471840,1758480000,UA_1833_2025-09-21_EWR_ATL_0_0,UA_1004_2025-09-21_EWR_CLT_0_0,-4,-4,1758471840,1758480000,2520,2580,2580,126,2580,false,122,8,0,114,17,122,2635200,,ATL,4889
UA_1004_2025-09-21_EWR_CLT_0_0,1004EWR2025-09-21,4889,2025-09-21,EWR,CLT,1758486540,1758493800,UA_1915_2025-09-21_ATL_EWR_0_0,UA_2094_2025-09-21_CLT_EWR_0_0,-4,-4,1758486540,1758493800,2880,2580,2580,126,2580,false,124,10,0,114,0,124,2678400,[UA_676_2025-09-21_EWR_AUS_0_0],EWR,4889
UA_2094_2025-09-21_CLT_EWR_0_0,2094CLT2025-09-21,4889,2025-09-21,CLT,EWR,1758499260,1758506400,UA_1004_2025-09-21_EWR_CLT_0_0,MX_4889_2025-09-21_EWR_EWR_false,-4,-4,1758499260,1758506400,2520,2580,2580,126,2580,false,129,12,0,117,2,129,2786400,[UA_702_2025-09-21_CLT_EWR_0_0],CLT,4889
MX_4889_2025-09-21_EWR_EWR_false,MX_4889_2025-09-21_EWR_EWR_false,4889,2025-09-21,EWR,EWR,1758506400,1758528000,UA_2094_2025-09-21_CLT_EWR_0_0,,,,1758506400,1758528000,5100,5100,5100,,0,true,,,,,,,,,EWR,4889
UA_537_2025-09-19_MAF_IAH_0_0,537MAF2025-09-19,4890,2025-09-19,MAF,IAH,1758283200,1758288660,,UA_1688_2025-09-19_IAH_YYZ_0_0,-5,-5,1758283200,1758288660,5100,2580,2580,126,2580,false,101,12,0,89,55,101,2181600,,,0000
UA_1688_2025-09-19_IAH_YYZ_0_0,1688IAH2025-09-19,4890,2025-09-19,IAH,YYZ,1758294900,1758306600,UA_537_2025-09-19_MAF_IAH_0_0,UA_2236_2025-09-19_YYZ_IAH_0_0,-5,-4,1758294900,1758306600,2880,3120,3120,126,2580,false,122,11,0,111,26,122,2635200,"[UA_2256_2025-09-19_IAH_MTY_0_0, UA_1060_2025-09-19_IAH_MEX_0_0, UA_1934_2025-09-19_IAH_CLE_0_0, UA_1962_2025-09-19_IAH_ATL_0_0]",IAH,4890
UA_2236_2025-09-19_YYZ_IAH_0_0,2236YYZ2025-09-19,4890,2025-09-19,YYZ,IAH,1758311940,1758324780,UA_1688_2025-09-19_IAH_YYZ_0_0,UA_1780_2025-09-19_IAH_DSM_0_0,-4,-5,1758311940,1758324780,3000,2880,2880,126,3120,false,90,11,0,79,22,90,1944000,,YYZ,4890
UA_1780_2025-09-19_IAH_DSM_0_0,1780IAH2025-09-19,4890,2025-09-19,IAH,DSM,1758330240,1758338880,UA_2236_2025-09-19_YYZ_IAH_0_0,MX_4890_2025-09-19_DSM_DSM_false,-5,-5,1758330240,1758338880,2880,3060,3060,126,2880,false,88,12,0,76,0,88,1900800,"[UA_1314_2025-09-19_IAH_MAF_0_0, UA_1475_2025-09-19_IAH_SAT_0_0]",IAH,4890
MX_4890_2025-09-19_DSM_DSM_false,MX_4890_2025-09-19_DSM_DSM_false,4890,2025-09-19,DSM,DSM,1758338880,1758360480,UA_1780_2025-09-19_IAH_DSM_0_0,UA_1982_2025-09-20_DSM_IAH_0_0,,,1758338880,1758360480,5100,5100,5100,,0,true,,,,,,,,,DSM,4890
UA_1982_2025-09-20_DSM_IAH_0_0,1982DSM2025-09-20,4890,2025-09-20,DSM,IAH,1758366900,1758375720,MX_4890_2025-09-19_DSM_DSM_false,UA_2242_2025-09-20_IAH_SLC_0_0,-5,-5,1758366900,1758375720,5100,2580,2580,126,3060,false,95,5,0,90,72,95,2052000,[UA_1363_2025-09-20_DSM_ORD_0_0],DSM,4890
UA_2242_2025-09-20_IAH_SLC_0_0,2242IAH2025-09-20,4890,2025-09-20,IAH,SLC,1758380160,1758391800,UA_1982_2025-09-20_DSM_IAH_0_0,UA_2659_2025-09-20_SLC_IAH_0_0,-5,-6,1758380160,1758391800,2880,2580,2580,126,2580,false,91,9,0,82,0,91,1965600,"[UA_1823_2025-09-20_IAH_SLC_0_0, UA_2045_2025-09-20_IAH_IAD_0_0, UA_1934_2025-09-20_IAH_CLE_0_0, UA_2675_2025-09-20_IAH_PIT_0_0]",IAH,4890
UA_2659_2025-09-20_SLC_IAH_0_0,2659SLC2025-09-20,4890,2025-09-20,SLC,IAH,1758395400,1758406440,UA_2242_2025-09-20_IAH_SLC_0_0,UA_313_2025-09-20_IAH_YYZ_0_0,-6,-5,1758395400,1758406440,2520,2580,2580,126,2580,false,110,12,0,98,64,110,2376000,[UA_2198_2025-09-20_SLC_IAH_0_0],SLC,4890
UA_313_2025-09-20_IAH_YYZ_0_0,313IAH2025-09-20,4890,2025-09-20,IAH,YYZ,1758410160,1758422160,UA_2659_2025-09-20_SLC_IAH_0_0,UA_1345_2025-09-21_YYZ_IAH_0_0,-5,-4,1758410160,1758422160,2880,3120,3120,126,2580,false,88,8,0,80,5,88,1900800,"[UA_2352_2025-09-20_IAH_IAD_0_0, UA_465_2025-09-20_IAH_IND_0_0, UA_1533_2025-09-20_IAH_AUS_0_0]",IAH,4890
UA_1345_2025-09-21_YYZ_IAH_0_0,1345YYZ2025-09-21,4890,2025-09-21,YYZ,IAH,1758449400,1758462480,UA_313_2025-09-20_IAH_YYZ_0_0,UA_2242_2025-09-21_IAH_SLC_0_0,-4,-5,1758449400,1758462480,5100,2880,2880,126,3120,false,100,12,0,88,79,100,2160000,,WHQ,4890
UA_2242_2025-09-21_IAH_SLC_0_0,2242IAH2025-09-21,4890,2025-09-21,IAH,SLC,1758466560,1758478200,UA_1345_2025-09-21_YYZ_IAH_0_0,UA_2659_2025-09-21_SLC_IAH_0_0,-5,-6,1758466560,1758478200,2880,3060,3060,126,2880,false,114,7,0,107,2,114,2462400,"[UA_2118_2025-09-21_IAH_BJX_0_0, UA_1060_2025-09-21_IAH_MEX_0_0, UA_1594_2025-09-21_IAH_DFW_0_0, UA_1823_2025-09-21_IAH_SLC_0_0, UA_794_2025-09-21_IAH_MAF_0_0]",IAH,4890
UA_2659_2025-09-21_SLC_IAH_0_0,2659SLC2025-09-21,4890,2025-09-21,SLC,IAH,1758481800,1758492840,UA_2242_2025-09-21_IAH_SLC_0_0,UA_2119_2025-09-21_IAH_SEA_0_0,-6,-5,1758481800,1758492840,2520,2580,2580,126,3060,false,121,9,0,112,46,121,2613600,[UA_2198_2025-09-21_SLC_IAH_0_0],SLC,4890
UA_2119_2025-09-21_IAH_SEA_0_0,2119IAH2025-09-21,4890,2025-09-21,IAH,SEA,1758497400,1758514680,UA_2659_2025-09-21_SLC_IAH_0_0,,-5,-7,1758497400,1758514680,2880,2580,2580,126,2580,false,120,12,0,108,0,120,2592000,"[UA_1711_2025-09-21_IAH_AUS_0_0, UA_313_2025-09-21_IAH_YYZ_0_0, UA_1028_2025-09-21_IAH_MEX_0_0, UA_1794_2025-09-21_IAH_MEM_0_0]",IAH,4890
UA_2647_2025-09-19_ONT_SFO_0_0,2647ONT2025-09-19,4891,2025-09-19,ONT,SFO,1758286800,1758291540,,UA_1595_2025-09-19_SFO_CMH_0_0,-7,-7,1758286800,1758291540,5100,2580,2580,126,2580,false,124,10,0,114,34,124,2678400,,,0000
UA_1595_2025-09-19_SFO_CMH_0_0,1595SFO2025-09-19,4891,2025-09-19,SFO,CMH,1758295500,1758312480,UA_2647_2025-09-19_ONT_SFO_0_0,UA_2002_2025-09-19_CMH_SFO_0_0,-7,-4,1758295500,1758312480,2880,2580,2580,126,2580,false,125,11,0,114,0,125,2700000,"[UA_1027_2025-09-19_SFO_PDX_0_0, UA_2448_2025-09-19_SFO_JAC_0_0, UA_1531_2025-09-19_SFO_MSP_0_0, UA_499_2025-09-19_SFO_BNA_0_0]",SFO,4891
UA_2002_2025-09-19_CMH_SFO_0_0,2002CMH2025-09-19,4891,2025-09-19,CMH,SFO,1758317280,1758335520,UA_1595_2025-09-19_SFO_CMH_0_0,UA_1743_2025-09-19_SFO_SBA_0_0,-4,-7,1758317280,1758335520,2520,2580,2580,126,2580,false,107,11,0,96,28,107,2311200,,CMH,4891
UA_1743_2025-09-19_SFO_SBA_0_0,1743SFO2025-09-19,4891,2025-09-19,SFO,SBA,1758340800,1758345240,UA_2002_2025-09-19_CMH_SFO_0_0,UA_2363_2025-09-20_SBA_SFO_0_0,-7,-7,1758340800,1758345240,2880,2580,2580,126,2580,false,109,11,0,98,0,109,2354400,"[UA_2216_2025-09-19_SFO_BUR_0_0, UA_210_2025-09-19_SFO_ONT_0_0, UA_653_2025-09-19_SFO_PDX_0_0]",SFO,4891
UA_2363_2025-09-20_SBA_SFO_0_0,2363SBA2025-09-20,4891,2025-09-20,SBA,SFO,1758375000,1758379200,UA_1743_2025-09-19_SFO_SBA_0_0,UA_2380_2025-09-20_SFO_DTW_0_0,-7,-7,1758375000,1758379200,5100,2580,2580,126,2580,false,105,12,0,93,74,105,2268000,,SBA,4891
UA_2380_2025-09-20_SFO_DTW_0_0,2380SFO2025-09-20,4891,2025-09-20,SFO,DTW,1758382800,1758399960,UA_2363_2025-09-20_SBA_SFO_0_0,UA_2866_2025-09-20_DTW_SFO_0_0,-7,-4,1758382800,1758399960,2880,2580,2580,126,2580,false,121,11,0,110,1,121,2613600,"[UA_1245_2025-09-20_SFO_BOI_0_0, UA_499_2025-09-20_SFO_BNA_0_0, UA_1417_2025-09-20_SFO_SEA_0_0, UA_1517_2025-09-20_SFO_DFW_0_0]",SFO,4891
UA_2866_2025-09-20_DTW_SFO_0_0,2866DTW2025-09-20,4891,2025-09-20,DTW,SFO,1758403920,1758422400,UA_2380_2025-09-20_SFO_DTW_0_0,UA_1824_2025-09-20_SFO_YVR_0_0,-4,-7,1758403920,1758422400,2520,2880,2880,126,2580,false,98,9,0,89,9,98,2116800,,DTW,4891
UA_1824_2025-09-20_SFO_YVR_0_0,1824SFO2025-09-20,4891,2025-09-20,SFO,YVR,1758427260,1758435720,UA_2866_2025-09-20_DTW_SFO_0_0,UA_1449_2025-09-21_YVR_SFO_0_0,-7,-7,1758427260,1758435720,2880,3120,3120,126,2880,false,47,9,0,38,4,47,1015200,,SFO,4891
UA_1449_2025-09-21_YVR_SFO_0_0,1449YVR2025-09-21,4891,2025-09-21,YVR,SFO,1758463200,1758471960,UA_1824_2025-09-20_SFO_YVR_0_0,UA_255_2025-09-21_SFO_AUS_0_0,-7,-7,1758463200,1758471960,5100,2880,2880,126,3120,false,125,11,0,114,71,125,2700000,,YVR,4891
UA_255_2025-09-21_SFO_AUS_0_0,255SFO2025-09-21,4891,2025-09-21,SFO,AUS,1758484800,1758497820,UA_1449_2025-09-21_YVR_SFO_0_0,UA_789_2025-09-21_AUS_IAH_0_0,-7,-5,1758484800,1758497820,2880,3060,3060,126,2880,false,123,9,0,114,1,123,2656800,"[UA_336_2025-09-21_SFO_STL_0_0, UA_2448_2025-09-21_SFO_JAC_0_0, UA_1957_2025-09-21_SFO_ABQ_0_0]",SFO,4891
UA_789_2025-09-21_AUS_IAH_0_0,789AUS2025-09-21,4891,2025-09-21,AUS,IAH,1758501900,1758505680,UA_255_2025-09-21_SFO_AUS_0_0,UA_1475_2025-09-21_IAH_SAT_0_0,-5,-5,1758501900,1758505680,2520,2580,2580,126,3060,false,84,8,0,76,76,84,1814400,[UA_345_2025-09-21_AUS_DEN_0_0],AUS,4891
UA_1475_2025-09-21_IAH_SAT_0_0,1475IAH2025-09-21,4891,2025-09-21,IAH,SAT,1758509100,1758512880,UA_789_2025-09-21_AUS_IAH_0_0,MX_4891_2025-09-21_SAT_SAT_false,-5,-5,1758509100,1758512880,2880,2580,2580,126,2580,false,100,7,0,93,0,100,2160000,"[UA_1794_2025-09-21_IAH_MEM_0_0, UA_429_2025-09-21_IAH_MEX_0_0]",IAH,4891
MX_4891_2025-09-21_SAT_SAT_false,MX_4891_2025-09-21_SAT_SAT_false,4891,2025-09-21,SAT,SAT,1758512880,1758527280,UA_1475_2025-09-21_IAH_SAT_0_0,,,,1758512880,1758527280,5100,5100,5100,,0,true,,,,,,,,,SAT,4891
UA_3932_2025-09-19_IAH_DEN_0_0,3932IAH2025-09-19,4892,2025-09-19,IAH,DEN,1758276000,1758285120,,UA_1186_2025-09-19_DEN_RNO_0_0,-5,-6,1758276000,1758285120,5100,0,,126,0,false,,,,,,126,2721600,"[UA_1934_2025-09-19_IAH_CLE_0_0, UA_1962_2025-09-19_IAH_ATL_0_0]",,0000
UA_1186_2025-09-19_DEN_RNO_0_0,1186DEN2025-09-19,4892,2025-09-19,DEN,RNO,1758291300,1758299760,UA_3932_2025-09-19_IAH_DEN_0_0,UA_1553_2025-09-19_RNO_DEN_0_0,-6,-7,1758291300,1758299760,2880,2580,2580,126,0,false,99,12,0,87,0,99,2138400,"[UA_1451_2025-09-19_DEN_GSP_0_0, UA_397_2025-09-19_DEN_SJC_0_0, UA_275_2025-09-19_DEN_DFW_0_0]",DEN,4892
UA_1553_2025-09-19_RNO_DEN_0_0,1553RNO2025-09-19,4892,2025-09-19,RNO,DEN,1758304800,1758312960,UA_1186_2025-09-19_DEN_RNO_0_0,UA_1669_2025-09-19_DEN_BUR_0_0,-7,-6,1758304800,1758312960,2520,2580,2580,126,2580,false,118,12,0,106,81,118,2548800,,RNO,4892
UA_1669_2025-09-19_DEN_BUR_0_0,1669DEN2025-09-19,4892,2025-09-19,DEN,BUR,1758319080,1758328080,UA_1553_2025-09-19_RNO_DEN_0_0,UA_202_2025-09-19_BUR_DEN_0_0,-6,-7,1758319080,1758328080,2880,2580,2580,126,2580,false,88,12,0,76,0,88,1900800,"[UA_2285_2025-09-19_DEN_AUS_0_0, UA_1726_2025-09-19_DEN_DAY_0_0, UA_616_2025-09-19_DEN_CLT_0_0, UA_1094_2025-09-19_DEN_YYZ_0_0]",DEN,4892
UA_202_2025-09-19_BUR_DEN_0_0,202BUR2025-09-19,4892,2025-09-19,BUR,DEN,1758332040,1758340800,UA_1669_2025-09-19_DEN_BUR_0_0,MX_4892_2025-09-19_DEN_DEN_false,-7,-6,1758332040,1758340800,2520,2580,2580,126,2580,false,60,10,0,50,11,60,1296000,,BUR,4892
MX_4892_2025-09-19_DEN_DEN_false,MX_4892_2025-09-19_DEN_DEN_false,4892,2025-09-19,DEN,DEN,1758340800,1758376800,UA_202_2025-09-19_BUR_DEN_0_0,UA_397_2025-09-20_DEN_SJC_0_0,,,1758340800,1758376800,5100,5100,5100,,0,true,,,,,,,,,DEN,4892
UA_397_2025-09-20_DEN_SJC_0_0,397DEN2025-09-20,4892,2025-09-20,DEN,SJC,1758377700,1758387060,MX_4892_2025-09-19_DEN_DEN_false,UA_431_2025-09-20_SJC_DEN_0_0,-6,-7,1758377700,1758387060,5100,2580,2580,126,2580,false,59,10,0,49,1,59,1274400,"[UA_1121_2025-09-20_DEN_MSP_0_0, UA_275_2025-09-20_DEN_PNS_0_0]",DEN,4892
UA_431_2025-09-20_SJC_DEN_0_0,431SJC2025-09-20,4892,2025-09-20,SJC,DEN,1758396600,1758405960,UA_397_2025-09-20_DEN_SJC_0_0,UA_1300_2025-09-20_DEN_BNA_0_0,-7,-6,1758396600,1758405960,2520,2580,2580,126,2580,false,122,11,0,111,98,122,2635200,,SJC,4892
UA_1300_2025-09-20_DEN_BNA_0_0,1300DEN2025-09-20,4892,2025-09-20,DEN,BNA,1758412500,1758422100,UA_431_2025-09-20_SJC_DEN_0_0,MX_4892_2025-09-20_BNA_BNA_false,-6,-5,1758412500,1758422100,2880,2580,2580,126,2580,false,89,7,0,82,0,89,1922400,"[UA_616_2025-09-20_DEN_CLT_0_0, UA_1726_2025-09-20_DEN_DAY_0_0, UA_1351_2025-09-20_DEN_FAR_0_0]",DEN,4892
MX_4892_2025-09-20_BNA_BNA_false,MX_4892_2025-09-20_BNA_BNA_false,4892,2025-09-20,BNA,BNA,1758422100,1758450900,UA_1300_2025-09-20_DEN_BNA_0_0,UA_1716_2025-09-21_BNA_DEN_0_0,,,1758422100,1758450900,5100,5100,5100,,0,true,,,,,,,,,BNA,4892
UA_1716_2025-09-21_BNA_DEN_0_0,1716BNA2025-09-21,4892,2025-09-21,BNA,DEN,1758460440,1758471000,MX_4892_2025-09-20_BNA_BNA_false,UA_2154_2025-09-21_DEN_BUR_0_0,-5,-6,1758460440,1758471000,5100,2580,2580,126,2580,false,124,11,0,113,95,124,2678400,[UA_611_2025-09-21_BNA_SFO_0_0],BNA,4892
UA_2154_2025-09-21_DEN_BUR_0_0,2154DEN2025-09-21,4892,2025-09-21,DEN,BUR,1758475860,1758484920,UA_1716_2025-09-21_BNA_DEN_0_0,UA_1453_2025-09-21_BUR_SFO_0_0,-6,-7,1758475860,1758484920,2880,2580,2580,126,2580,false,125,12,0,113,0,125,2700000,"[UA_401_2025-09-21_DEN_HDN_0_0, UA_2111_2025-09-21_DEN_MEM_0_0]",DEN,4892
UA_1453_2025-09-21_BUR_SFO_0_0,1453BUR2025-09-21,4892,2025-09-21,BUR,SFO,1758488280,1758493800,UA_2154_2025-09-21_DEN_BUR_0_0,UA_2428_2025-09-21_SFO_SBA_0_0,-7,-7,1758488280,1758493800,2520,2580,2580,126,2580,false,124,11,0,113,8,124,2678400,,BUR,4892
UA_2428_2025-09-21_SFO_SBA_0_0,2428SFO2025-09-21,4892,2025-09-21,SFO,SBA,1758497400,1758501840,UA_1453_2025-09-21_BUR_SFO_0_0,UA_2097_2025-09-21_SBA_SFO_0_0,-7,-7,1758497400,1758501840,2880,2580,2580,126,2580,false,122,10,0,112,0,122,2635200,,SFO,4892
UA_2097_2025-09-21_SBA_SFO_0_0,2097SBA2025-09-21,4892,2025-09-21,SBA,SFO,1758505920,1758510180,UA_2428_2025-09-21_SFO_SBA_0_0,UA_1743_2025-09-21_SFO_SBA_0_0,-7,-7,1758505920,1758510180,2520,2580,2580,126,2580,false,126,11,0,115,68,126,2721600,[UA_1924_2025-09-21_SBA_DEN_0_0],SBA,4892
UA_1743_2025-09-21_SFO_SBA_0_0,1743SFO2025-09-21,4892,2025-09-21,SFO,SBA,1758513600,1758518040,UA_2097_2025-09-21_SBA_SFO_0_0,,-7,-7,1758513600,1758518040,2880,2580,2580,126,2580,false,79,12,0,67,0,79,1706400,,SFO,4892
UA_1451_2025-09-19_DEN_GSP_0_0,1451DEN2025-09-19,4893,2025-09-19,DEN,GSP,1758297300,1758308400,,UA_1519_2025-09-19_GSP_DEN_0_0,-6,-4,1758297300,1758308400,5100,2580,2580,126,2580,false,115,11,0,104,0,115,2484000,"[UA_401_2025-09-19_DEN_HDN_0_0, UA_1186_2025-09-19_DEN_RNO_0_0, UA_221_2025-09-19_DEN_ELP_0_0, UA_397_2025-09-19_DEN_SJC_0_0, UA_275_2025-09-19_DEN_DFW_0_0]",,0000
UA_1519_2025-09-19_GSP_DEN_0_0,1519GSP2025-09-19,4893,2025-09-19,GSP,DEN,1758313800,1758326220,UA_1451_2025-09-19_DEN_GSP_0_0,UA_723_2025-09-19_DEN_GTF_0_0,-4,-6,1758313800,1758326220,2520,2580,2580,126,2580,false,113,12,0,101,47,113,2440800,,GSP,4893
UA_723_2025-09-19_DEN_GTF_0_0,723DEN2025-09-19,4893,2025-09-19,DEN,GTF,1758331980,1758338880,UA_1519_2025-09-19_GSP_DEN_0_0,UA_1865_2025-09-20_GTF_DEN_0_0,-6,-6,1758331980,1758338880,2880,2580,2580,126,2580,false,82,10,0,72,0,82,1771200,"[UA_1726_2025-09-19_DEN_DAY_0_0, UA_616_2025-09-19_DEN_CLT_0_0, UA_1094_2025-09-19_DEN_YYZ_0_0]",DEN,4893
UA_1865_2025-09-20_GTF_DEN_0_0,1865GTF2025-09-20,4893,2025-09-20,GTF,DEN,1758373200,1758380280,UA_723_2025-09-19_DEN_GTF_0_0,UA_275_2025-09-20_DEN_PNS_0_0,-6,-6,1758373200,1758380280,5100,2580,2580,126,2580,false,124,9,0,115,114,124,2678400,,GTF,4893
UA_275_2025-09-20_DEN_PNS_0_0,275DEN2025-09-20,4893,2025-09-20,DEN,PNS,1758384900,1758395220,UA_1865_2025-09-20_GTF_DEN_0_0,UA_402_2025-09-20_PNS_DEN_0_0,-6,-5,1758384900,1758395220,2880,2580,2580,126,2580,false,126,11,0,115,0,126,2721600,"[UA_1121_2025-09-20_DEN_MSP_0_0, UA_397_2025-09-20_DEN_SJC_0_0, UA_1183_2025-09-20_DEN_GTF_0_0]",DEN,4893
UA_402_2025-09-20_PNS_DEN_0_0,402PNS2025-09-20,4893,2025-09-20,PNS,DEN,1758401400,1758412320,UA_275_2025-09-20_DEN_PNS_0_0,MX_4893_2025-09-20_DEN_DEN_false,-5,-6,1758401400,1758412320,2520,2580,2580,126,2580,false,122,11,0,111,89,122,2635200,,PNS,4893
MX_4893_2025-09-20_DEN_DEN_false,MX_4893_2025-09-20_DEN_DEN_false,4893,2025-09-20,DEN,DEN,1758412800,1758499200,UA_402_2025-09-20_PNS_DEN_0_0,UA_456_2025-09-21_DEN_AUS_0_0,,,1758412800,1758499200,5100,5100,5100,,0,true,,,,,,,,,DEN,4893
UA_456_2025-09-21_DEN_AUS_0_0,456DEN2025-09-21,4893,2025-09-21,DEN,AUS,1758464100,1758472140,MX_4893_2025-09-20_DEN_DEN_false,UA_785_2025-09-21_AUS_DEN_0_0,-6,-5,1758464100,1758472140,5100,2580,2580,126,2580,false,126,12,0,114,0,126,2721600,[UA_2111_2025-09-21_DEN_MEM_0_0],DEN,4893
UA_785_2025-09-21_AUS_DEN_0_0,785AUS2025-09-21,4893,2025-09-21,AUS,DEN,1758477360,1758485820,UA_456_2025-09-21_DEN_AUS_0_0,UA_1672_2025-09-21_DEN_SBA_0_0,-5,-6,1758477360,1758485820,2520,2580,2580,126,2580,false,123,11,0,112,30,123,2656800,,AUS,4893
UA_1672_2025-09-21_DEN_SBA_0_0,1672DEN2025-09-21,4893,2025-09-21,DEN,SBA,1758491100,1758500400,UA_785_2025-09-21_AUS_DEN_0_0,UA_1924_2025-09-21_SBA_DEN_0_0,-6,-7,1758491100,1758500400,2880,2580,2580,126,2580,false,124,10,0,114,0,124,2678400,"[UA_640_2025-09-21_DEN_DFW_0_0, UA_1300_2025-09-21_DEN_BNA_0_0, UA_1726_2025-09-21_DEN_DAY_0_0]",DEN,4893
UA_1924_2025-09-21_SBA_DEN_0_0,1924SBA2025-09-21,4893,2025-09-21,SBA,DEN,1758504300,1758513120,UA_1672_2025-09-21_DEN_SBA_0_0,,-7,-6,1758504300,1758513120,2520,2580,2580,126,2580,false,120,4,0,116,24,120,2592000,[UA_2097_2025-09-21_SBA_SFO_0_0],SBA,4893
UA_1418_2025-09-19_SBP_DEN_0_0,1418SBP2025-09-19,4895,2025-09-19,SBP,DEN,1758284100,1758293160,,UA_401_2025-09-19_DEN_HDN_0_0,-7,-6,1758284100,1758293160,5100,2580,2580,126,2580,false,124,11,0,113,85,124,2678400,,,0000
UA_401_2025-09-19_DEN_HDN_0_0,401DEN2025-09-19,4895,2025-09-19,DEN,HDN,1758302700,1758306060,UA_1418_2025-09-19_SBP_DEN_0_0,UA_762_2025-09-19_HDN_DEN_0_0,-6,-6,1758302700,1758306060,2880,2580,2580,126,2580,false,120,12,0,108,0,120,2592000,"[UA_1451_2025-09-19_DEN_GSP_0_0, UA_221_2025-09-19_DEN_ELP_0_0]",DEN,4895
UA_762_2025-09-19_HDN_DEN_0_0,762HDN2025-09-19,4895,2025-09-19,HDN,DEN,1758309900,1758314400,UA_401_2025-09-19_DEN_HDN_0_0,UA_2285_2025-09-19_DEN_AUS_0_0,-6,-6,1758309900,1758314400,2520,2580,2580,126,2580,false,127,12,0,115,122,127,2743200,,HDN,4895
UA_2285_2025-09-19_DEN_AUS_0_0,2285DEN2025-09-19,4895,2025-09-19,DEN,AUS,1758318540,1758326520,UA_762_2025-09-19_HDN_DEN_0_0,UA_297_2025-09-19_AUS_DEN_0_0,-6,-5,1758318540,1758326520,2880,2580,2580,126,2580,false,123,12,0,111,0,123,2656800,"[UA_1669_2025-09-19_DEN_BUR_0_0, UA_1726_2025-09-19_DEN_DAY_0_0, UA_616_2025-09-19_DEN_CLT_0_0, UA_1094_2025-09-19_DEN_YYZ_0_0]",DEN,4895
UA_297_2025-09-19_AUS_DEN_0_0,297AUS2025-09-19,4895,2025-09-19,AUS,DEN,1758329940,1758338400,UA_2285_2025-09-19_DEN_AUS_0_0,MX_4895_2025-09-19_DEN_DEN_false,-5,-6,1758329940,1758338400,2520,2580,2580,126,2580,false,111,11,0,100,4,111,2397600,"[UA_345_2025-09-19_AUS_DEN_0_0, UA_789_2025-09-19_AUS_IAH_0_0]",AUS,4895
MX_4895_2025-09-19_DEN_DEN_false,MX_4895_2025-09-19_DEN_DEN_false,4895,2025-09-19,DEN,DEN,1758338400,1758367200,UA_297_2025-09-19_AUS_DEN_0_0,UA_1121_2025-09-20_DEN_MSP_0_0,,,1758338400,1758367200,5100,5100,5100,,0,true,,,,,,,,,DEN,4895
UA_1121_2025-09-20_DEN_MSP_0_0,1121DEN2025-09-20,4895,2025-09-20,DEN,MSP,1758382800,1758390000,MX_4895_2025-09-19_DEN_DEN_false,UA_1604_2025-09-20_MSP_DEN_0_0,-6,-5,1758382800,1758390000,5100,2580,2580,126,2580,false,119,10,0,109,2,119,2570400,"[UA_275_2025-09-20_DEN_PNS_0_0, UA_397_2025-09-20_DEN_SJC_0_0, UA_1183_2025-09-20_DEN_GTF_0_0]",DEN,4895
UA_1604_2025-09-20_MSP_DEN_0_0,1604MSP2025-09-20,4895,2025-09-20,MSP,DEN,1758393840,1758402000,UA_1121_2025-09-20_DEN_MSP_0_0,UA_1726_2025-09-20_DEN_DAY_0_0,-5,-6,1758393840,1758402000,2520,2580,2580,126,2580,false,124,12,0,112,74,124,2678400,,MSP,4895
UA_1726_2025-09-20_DEN_DAY_0_0,1726DEN2025-09-20,4895,2025-09-20,DEN,DAY,1758411000,1758420720,UA_1604_2025-09-20_MSP_DEN_0_0,UA_1597_2025-09-21_DAY_DEN_0_0,-6,-4,1758411000,1758420720,2880,2580,2580,126,2580,false,107,11,0,96,0,107,2311200,"[UA_616_2025-09-20_DEN_CLT_0_0, UA_1300_2025-09-20_DEN_BNA_0_0, UA_1351_2025-09-20_DEN_FAR_0_0]",DEN,4895
UA_1597_2025-09-21_DAY_DEN_0_0,1597DAY2025-09-21,4895,2025-09-21,DAY,DEN,1758461220,1758472500,UA_1726_2025-09-20_DEN_DAY_0_0,UA_401_2025-09-21_DEN_HDN_0_0,-4,-6,1758461220,1758472500,5100,2580,2580,126,2580,false,122,10,0,112,73,122,2635200,,DAY,4895
UA_401_2025-09-21_DEN_HDN_0_0,401DEN2025-09-21,4895,2025-09-21,DEN,HDN,1758475500,1758478860,UA_1597_2025-09-21_DAY_DEN_0_0,UA_762_2025-09-21_HDN_DEN_0_0,-6,-6,1758475500,1758478860,2880,2580,2580,126,2580,false,115,12,0,103,0,115,2484000,"[UA_2111_2025-09-21_DEN_MEM_0_0, UA_2154_2025-09-21_DEN_BUR_0_0]",DEN,4895
UA_762_2025-09-21_HDN_DEN_0_0,762HDN2025-09-21,4895,2025-09-21,HDN,DEN,1758482700,1758487200,UA_401_2025-09-21_DEN_HDN_0_0,UA_640_2025-09-21_DEN_DFW_0_0,-6,-6,1758482700,1758487200,2520,2580,2580,126,2580,false,109,12,0,97,99,109,2354400,,HDN,4895
UA_640_2025-09-21_DEN_DFW_0_0,640DEN2025-09-21,4895,2025-09-21,DEN,DFW,1758491820,1758499200,UA_762_2025-09-21_HDN_DEN_0_0,UA_1184_2025-09-21_DFW_SFO_0_0,-6,-5,1758491820,1758499200,2880,2580,2580,126,2580,false,123,8,0,115,0,123,2656800,"[UA_1672_2025-09-21_DEN_SBA_0_0, UA_1300_2025-09-21_DEN_BNA_0_0, UA_1726_2025-09-21_DEN_DAY_0_0]",DEN,4895
UA_1184_2025-09-21_DFW_SFO_0_0,1184DFW2025-09-21,4895,2025-09-21,DFW,SFO,1758502740,1758516600,UA_640_2025-09-21_DEN_DFW_0_0,,-5,-7,1758502740,1758516600,2520,2580,2580,126,2580,false,111,10,0,101,14,111,2397600,"[UA_1961_2025-09-21_DFW_DEN_0_0, UA_1718_2025-09-21_DFW_ORD_0_0]",DFW,4895
UA_1085_2025-09-19_MEX_IAH_0_0,1085MEX2025-09-19,4896,2025-09-19,MEX,IAH,1758278400,1758286560,,UA_2256_2025-09-19_IAH_MTY_0_0,-6,-5,1758278400,1758286560,5100,2880,2880,126,3480,false,33,6,0,27,27,33,712800,,,0000
UA_2256_2025-09-19_IAH_MTY_0_0,2256IAH2025-09-19,4896,2025-09-19,IAH,MTY,1758294540,1758300480,UA_1085_2025-09-19_MEX_IAH_0_0,UA_2026_2025-09-19_MTY_IAH_0_0,-5,-6,1758294540,1758300480,3600,3480,3480,126,2880,false,102,10,0,92,0,102,2203200,"[UA_1688_2025-09-19_IAH_YYZ_0_0, UA_1060_2025-09-19_IAH_MEX_0_0, UA_1934_2025-09-19_IAH_CLE_0_0, UA_1962_2025-09-19_IAH_ATL_0_0]",IAH,4896
UA_2026_2025-09-19_MTY_IAH_0_0,2026MTY2025-09-19,4896,2025-09-19,MTY,IAH,1758305400,1758310560,UA_2256_2025-09-19_IAH_MTY_0_0,UA_1711_2025-09-19_IAH_AUS_0_0,-6,-5,1758305400,1758310560,3000,2880,2880,126,3480,false,83,12,0,71,67,83,1792800,,MTY,4896
UA_1711_2025-09-19_IAH_AUS_0_0,1711IAH2025-09-19,4896,2025-09-19,IAH,AUS,1758316800,1758320580,UA_2026_2025-09-19_MTY_IAH_0_0,UA_345_2025-09-19_AUS_DEN_0_0,-5,-5,1758316800,1758320580,3600,3480,3480,126,2880,false,124,12,0,112,0,124,2678400,"[UA_2472_2025-09-19_IAH_DCA_0_0, UA_1388_2025-09-19_IAH_DFW_0_0, UA_1028_2025-09-19_IAH_MEX_0_0]",IAH,4896
UA_345_2025-09-19_AUS_DEN_0_0,345AUS2025-09-19,4896,2025-09-19,AUS,DEN,1758323940,1758332400,UA_1711_2025-09-19_IAH_AUS_0_0,MX_4896_2025-09-19_DEN_DEN_false,-5,-6,1758323940,1758332400,2520,2580,2580,126,3480,false,126,11,0,115,34,126,2721600,"[UA_297_2025-09-19_AUS_DEN_0_0, UA_789_2025-09-19_AUS_IAH_0_0]",AUS,4896
MX_4896_2025-09-19_DEN_DEN_false,MX_4896_2025-09-19_DEN_DEN_false,4896,2025-09-19,DEN,DEN,1758332400,1758354000,UA_345_2025-09-19_AUS_DEN_0_0,UA_493_2025-09-20_DEN_MTJ_0_0,,,1758332400,1758354000,5100,5100,5100,,0,true,,,,,,,,,DEN,4896
UA_493_2025-09-20_DEN_MTJ_0_0,493DEN2025-09-20,4896,2025-09-20,DEN,MTJ,1758396300,1758400080,MX_4896_2025-09-19_DEN_DEN_false,UA_1532_2025-09-20_MTJ_DEN_0_0,-6,-6,1758396300,1758400080,5100,2580,2580,126,2580,false,119,9,0,110,0,119,2570400,[UA_1183_2025-09-20_DEN_GTF_0_0],DEN,4896
UA_1532_2025-09-20_MTJ_DEN_0_0,1532MTJ2025-09-20,4896,2025-09-20,MTJ,DEN,1758403440,1758407580,UA_493_2025-09-20_DEN_MTJ_0_0,UA_616_2025-09-20_DEN_CLT_0_0,-6,-6,1758403440,1758407580,2520,2580,2580,126,2580,false,91,8,0,83,83,91,1965600,,MTJ,4896
UA_616_2025-09-20_DEN_CLT_0_0,616DEN2025-09-20,4896,2025-09-20,DEN,CLT,1758411300,1758423180,UA_1532_2025-09-20_MTJ_DEN_0_0,UA_2672_2025-09-21_CLT_ORD_0_0,-6,-4,1758411300,1758423180,2880,2580,2580,126,2580,false,106,11,0,95,0,106,2289600,"[UA_1726_2025-09-20_DEN_DAY_0_0, UA_1300_2025-09-20_DEN_BNA_0_0, UA_1351_2025-09-20_DEN_FAR_0_0]",DEN,4896
UA_2672_2025-09-21_CLT_ORD_0_0,2672CLT2025-09-21,4896,2025-09-21,CLT,ORD,1758451200,1758459600,UA_616_2025-09-20_DEN_CLT_0_0,UA_442_2025-09-21_ORD_ORF_0_0,-4,-5,1758451200,1758459600,5100,2580,2580,126,2580,false,59,9,0,50,40,59,1274400,,CLT,4896
UA_442_2025-09-21_ORD_ORF_0_0,442ORD2025-09-21,4896,2025-09-21,ORD,ORF,1758471600,1758480000,UA_2672_2025-09-21_CLT_ORD_0_0,UA_1710_2025-09-21_ORF_ORD_0_0,-5,-4,1758471600,1758480000,2880,2580,2580,126,2580,false,126,12,0,114,0,126,2721600,"[UA_2144_2025-09-21_ORD_YYZ_0_0, UA_2653_2025-09-21_ORD_RDU_0_0, UA_2635_2025-09-21_ORD_CLT_0_0, UA_2164_2025-09-21_ORD_ABQ_0_0, UA_2455_2025-09-21_ORD_SAV_0_0, UA_233_2025-09-21_ORD_TVC_0_0]",ORD,4896
UA_1710_2025-09-21_ORF_ORD_0_0,1710ORF2025-09-21,4896,2025-09-21,ORF,ORD,1758488400,1758497100,UA_442_2025-09-21_ORD_ORF_0_0,UA_739_2025-09-21_ORD_SLC_0_0,-4,-5,1758488400,1758497100,2520,2580,2580,126,2580,false,120,9,0,111,60,120,2592000,,ORF,4896
UA_739_2025-09-21_ORD_SLC_0_0,739ORD2025-09-21,4896,2025-09-21,ORD,SLC,1758502800,1758515760,UA_1710_2025-09-21_ORF_ORD_0_0,,-5,-6,1758502800,1758515760,2880,2580,2580,126,2580,false,117,8,0,109,0,117,2527200,[UA_661_2025-09-21_ORD_DSM_0_0],ORD,4896
UA_1249_2025-09-19_GRR_ORD_0_0,1249GRR2025-09-19,4897,2025-09-19,GRR,ORD,1758288600,1758292860,,UA_442_2025-09-19_ORD_ORF_0_0,-4,-5,1758288600,1758292860,5100,2580,2580,126,2580,false,120,11,0,109,117,120,2592000,,,0000
UA_442_2025-09-19_ORD_ORF_0_0,442ORD2025-09-19,4897,2025-09-19,ORD,ORF,1758298800,1758307200,UA_1249_2025-09-19_GRR_ORD_0_0,UA_1710_2025-09-19_ORF_ORD_0_0,-5,-4,1758298800,1758307200,2880,2580,2580,126,2580,false,126,11,0,115,0,126,2721600,"[UA_1297_2025-09-19_ORD_MSP_0_0, UA_1139_2025-09-19_ORD_DSM_0_0, UA_2329_2025-09-19_ORD_DTW_0_0]",ORD,4897
UA_1710_2025-09-19_ORF_ORD_0_0,1710ORF2025-09-19,4897,2025-09-19,ORF,ORD,1758315600,1758324300,UA_442_2025-09-19_ORD_ORF_0_0,UA_1069_2025-09-19_ORD_DTW_0_0,-4,-5,1758315600,1758324300,2520,2580,2580,126,2580,false,117,10,0,107,81,117,2527200,,ORF,4897
UA_1069_2025-09-19_ORD_DTW_0_0,1069ORD2025-09-19,4897,2025-09-19,ORD,DTW,1758329700,1758334920,UA_1710_2025-09-19_ORF_ORD_0_0,MX_4897_2025-09-19_DTW_DTW_false,-5,-4,1758329700,1758334920,2880,2580,2580,126,2580,false,109,9,0,100,0,109,2354400,"[UA_661_2025-09-19_ORD_DSM_0_0, UA_1991_2025-09-19_ORD_ABQ_0_0]",ORD,4897
MX_4897_2025-09-19_DTW_DTW_false,MX_4897_2025-09-19_DTW_DTW_false,4897,2025-09-19,DTW,DTW,1758334920,1758352920,UA_1069_2025-09-19_ORD_DTW_0_0,UA_1909_2025-09-20_DTW_ORD_0_0,,,1758334920,1758352920,5100,5100,5100,,0,true,,,,,,,,,DTW,4897
UA_1909_2025-09-20_DTW_ORD_0_0,1909DTW2025-09-20,4897,2025-09-20,DTW,ORD,1758366000,1758371220,MX_4897_2025-09-19_DTW_DTW_false,UA_1705_2025-09-20_ORD_BOI_0_0,-4,-5,1758366000,1758371220,5100,2580,2580,126,2580,false,97,9,0,88,72,97,2095200,,DTW,4897
UA_1705_2025-09-20_ORD_BOI_0_0,1705ORD2025-09-20,4897,2025-09-20,ORD,BOI,1758375900,1758389460,UA_1909_2025-09-20_DTW_ORD_0_0,UA_573_2025-09-20_BOI_ORD_0_0,-5,-6,1758375900,1758389460,2880,2580,2580,126,2580,false,93,12,0,81,0,93,2008800,"[UA_764_2025-09-20_ORD_YYC_0_0, UA_2164_2025-09-20_ORD_ABQ_0_0]",ORD,4897
UA_573_2025-09-20_BOI_ORD_0_0,573BOI2025-09-20,4897,2025-09-20,BOI,ORD,1758392820,1758405600,UA_1705_2025-09-20_ORD_BOI_0_0,UA_2259_2025-09-20_ORD_MSN_0_0,-6,-5,1758392820,1758405600,2520,2580,2580,126,2580,false,121,10,0,111,92,121,2613600,[UA_324_2025-09-20_BOI_SFO_0_0],BOI,4897
UA_2259_2025-09-20_ORD_MSN_0_0,2259ORD2025-09-20,4897,2025-09-20,ORD,MSN,1758409440,1758413340,UA_573_2025-09-20_BOI_ORD_0_0,UA_1625_2025-09-21_MSN_ORD_0_0,-5,-5,1758409440,1758413340,2880,2580,2580,126,2580,false,103,8,0,95,0,103,2224800,[UA_1504_2025-09-20_ORD_CVG_0_0],ORD,4897
UA_1625_2025-09-21_MSN_ORD_0_0,1625MSN2025-09-21,4897,2025-09-21,MSN,ORD,1758460500,1758464520,UA_2259_2025-09-20_ORD_MSN_0_0,UA_2653_2025-09-21_ORD_RDU_0_0,-5,-5,1758460500,1758464520,5100,2580,2580,126,2580,false,126,3,0,123,122,126,2721600,,MSN,4897
UA_2653_2025-09-21_ORD_RDU_0_0,2653ORD2025-09-21,4897,2025-09-21,ORD,RDU,1758470460,1758478320,UA_1625_2025-09-21_MSN_ORD_0_0,UA_2395_2025-09-21_RDU_EWR_0_0,-5,-4,1758470460,1758478320,2880,2580,2580,126,2580,false,123,11,0,112,0,123,2656800,"[UA_2144_2025-09-21_ORD_YYZ_0_0, UA_442_2025-09-21_ORD_ORF_0_0, UA_2635_2025-09-21_ORD_CLT_0_0, UA_2164_2025-09-21_ORD_ABQ_0_0, UA_2455_2025-09-21_ORD_SAV_0_0, UA_233_2025-09-21_ORD_TVC_0_0]",ORD,4897
UA_2395_2025-09-21_RDU_EWR_0_0,2395RDU2025-09-21,4897,2025-09-21,RDU,EWR,1758482520,1758488460,UA_2653_2025-09-21_ORD_RDU_0_0,UA_676_2025-09-21_EWR_AUS_0_0,-4,-4,1758482520,1758488460,2520,2580,2580,126,2580,false,112,7,0,105,27,112,2419200,[UA_2463_2025-09-21_RDU_IAD_0_0],RDU,4897
UA_676_2025-09-21_EWR_AUS_0_0,676EWR2025-09-21,4897,2025-09-21,EWR,AUS,1758495540,1758510300,UA_2395_2025-09-21_RDU_EWR_0_0,,-4,-5,1758495540,1758510300,2880,2580,2580,126,2580,false,116,7,0,109,0,116,2505600,"[UA_1004_2025-09-21_EWR_CLT_0_0, UA_2127_2025-09-21_EWR_CLT_0_0, UA_2856_2025-09-21_EWR_DFW_0_0]",EWR,4897
UA_1498_2025-09-19_JAC_SFO_0_0,1498JAC2025-09-19,4898,2025-09-19,JAC,SFO,1758295800,1758304500,,UA_394_2025-09-19_SFO_SLC_0_0,-6,-7,1758295800,1758304500,5100,2580,2580,126,2580,false,74,11,0,63,24,74,1598400,,,0000
UA_394_2025-09-19_SFO_SLC_0_0,394SFO2025-09-19,4898,2025-09-19,SFO,SLC,1758311760,1758318480,UA_1498_2025-09-19_JAC_SFO_0_0,UA_646_2025-09-19_SLC_SFO_0_0,-7,-6,1758311760,1758318480,2880,2580,2580,126,2580,false,121,11,0,110,0,121,2613600,"[UA_1668_2025-09-19_SFO_PDX_0_0, UA_2448_2025-09-19_SFO_JAC_0_0, UA_255_2025-09-19_SFO_AUS_0_0]",SFO,4898
UA_646_2025-09-19_SLC_SFO_0_0,646SLC2025-09-19,4898,2025-09-19,SLC,SFO,1758321900,1758329400,UA_394_2025-09-19_SFO_SLC_0_0,UA_2216_2025-09-19_SFO_BUR_0_0,-6,-7,1758321900,1758329400,2520,2580,2580,126,2580,false,114,11,0,103,43,114,2462400,,SLC,4898
UA_2216_2025-09-19_SFO_BUR_0_0,2216SFO2025-09-19,4898,2025-09-19,SFO,BUR,1758339600,1758344340,UA_646_2025-09-19_SLC_SFO_0_0,UA_488_2025-09-20_BUR_SFO_0_0,-7,-7,1758339600,1758344340,2880,2580,2580,126,2580,false,94,11,0,83,0,94,2030400,"[UA_1743_2025-09-19_SFO_SBA_0_0, UA_210_2025-09-19_SFO_ONT_0_0, UA_653_2025-09-19_SFO_PDX_0_0]",SFO,4898
UA_488_2025-09-20_BUR_SFO_0_0,488BUR2025-09-20,4898,2025-09-20,BUR,SFO,1758377880,1758383400,UA_2216_2025-09-19_SFO_BUR_0_0,UA_1245_2025-09-20_SFO_BOI_0_0,-7,-7,1758377880,1758383400,5100,2580,2580,126,2580,false,124,10,0,114,21,124,2678400,,BUR,4898
UA_1245_2025-09-20_SFO_BOI_0_0,1245SFO2025-09-20,4898,2025-09-20,SFO,BOI,1758391560,1758397740,UA_488_2025-09-20_BUR_SFO_0_0,UA_324_2025-09-20_BOI_SFO_0_0,-7,-6,1758391560,1758397740,2880,2580,2580,126,2580,false,119,9,0,110,0,119,2570400,"[UA_2380_2025-09-20_SFO_DTW_0_0, UA_499_2025-09-20_SFO_BNA_0_0, UA_1417_2025-09-20_SFO_SEA_0_0, UA_1517_2025-09-20_SFO_DFW_0_0]",SFO,4898
UA_324_2025-09-20_BOI_SFO_0_0,324BOI2025-09-20,4898,2025-09-20,BOI,SFO,1758401100,1758407700,UA_1245_2025-09-20_SFO_BOI_0_0,UA_1174_2025-09-20_SFO_OMA_0_0,-6,-7,1758401100,1758407700,2520,2580,2580,126,2580,false,118,8,0,110,54,118,2548800,[UA_573_2025-09-20_BOI_ORD_0_0],BOI,4898
UA_1174_2025-09-20_SFO_OMA_0_0,1174SFO2025-09-20,4898,2025-09-20,SFO,OMA,1758412500,1758424380,UA_324_2025-09-20_BOI_SFO_0_0,MX_4898_2025-09-20_OMA_OMA_false,-7,-5,1758412500,1758424380,2880,2580,2580,126,2580,false,63,9,0,54,0,63,1360800,[UA_2339_2025-09-20_SFO_SEA_0_0],SFO,4898
MX_4898_2025-09-20_OMA_OMA_false,MX_4898_2025-09-20_OMA_OMA_false,4898,2025-09-20,OMA,OMA,1758424380,1758435180,UA_1174_2025-09-20_SFO_OMA_0_0,UA_2027_2025-09-21_OMA_SFO_0_0,,,1758424380,1758435180,5100,5100,5100,,0,true,,,,,,,,,OMA,4898
UA_2027_2025-09-21_OMA_SFO_0_0,2027OMA2025-09-21,4898,2025-09-21,OMA,SFO,1758457800,1758471120,MX_4898_2025-09-20_OMA_OMA_false,UA_336_2025-09-21_SFO_STL_0_0,-5,-7,1758457800,1758471120,5100,2580,2580,126,2580,false,127,12,0,115,64,127,2743200,,OMA,4898
UA_336_2025-09-21_SFO_STL_0_0,336SFO2025-09-21,4898,2025-09-21,SFO,STL,1758477060,1758491580,UA_2027_2025-09-21_OMA_SFO_0_0,UA_1603_2025-09-21_STL_SFO_0_0,-7,-5,1758477060,1758491580,2880,2580,2580,126,2580,false,116,12,0,104,0,116,2505600,"[UA_255_2025-09-21_SFO_AUS_0_0, UA_2448_2025-09-21_SFO_JAC_0_0, UA_1957_2025-09-21_SFO_ABQ_0_0]",SFO,4898
UA_1603_2025-09-21_STL_SFO_0_0,1603STL2025-09-21,4898,2025-09-21,STL,SFO,1758494940,1758510600,UA_336_2025-09-21_SFO_STL_0_0,MX_4898_2025-09-21_SFO_SFO_false,-5,-7,1758494940,1758510600,2520,2580,2580,126,2580,false,121,12,0,109,21,121,2613600,,STL,4898
MX_4898_2025-09-21_SFO_SFO_false,MX_4898_2025-09-21_SFO_SFO_false,4898,2025-09-21,SFO,SFO,1758510600,1758546600,UA_1603_2025-09-21_STL_SFO_0_0,,,,1758510600,1758546600,5100,5100,5100,,0,true,,,,,,,,,SFO,4898
UA_1363_2025-09-19_DSM_ORD_0_0,1363DSM2025-09-19,4899,2025-09-19,DSM,ORD,1758286800,1758292440,,UA_1297_2025-09-19_ORD_MSP_0_0,-5,-5,1758286800,1758292440,5100,2580,2580,126,2580,false,118,11,0,107,100,118,2548800,,,0000
UA_1297_2025-09-19_ORD_MSP_0_0,1297ORD2025-09-19,4899,2025-09-19,ORD,MSP,1758296100,1758301860,UA_1363_2025-09-19_DSM_ORD_0_0,UA_2180_2025-09-19_MSP_ORD_0_0,-5,-5,1758296100,1758301860,2880,2580,2580,126,2580,false,126,9,0,117,1,126,2721600,"[UA_442_2025-09-19_ORD_ORF_0_0, UA_1139_2025-09-19_ORD_DSM_0_0]",ORD,4899
UA_2180_2025-09-19_MSP_ORD_0_0,2180MSP2025-09-19,4899,2025-09-19,MSP,ORD,1758305400,1758311640,UA_1297_2025-09-19_ORD_MSP_0_0,UA_2091_2025-09-19_ORD_DSM_0_0,-5,-5,1758305400,1758311640,2520,2580,2580,126,2580,false,120,12,0,108,44,120,2592000,[UA_1214_2025-09-19_MSP_SFO_0_0],MSP,4899
UA_2091_2025-09-19_ORD_DSM_0_0,2091ORD2025-09-19,4899,2025-09-19,ORD,DSM,1758315000,1758320040,UA_2180_2025-09-19_MSP_ORD_0_0,UA_657_2025-09-19_DSM_ORD_0_0,-5,-5,1758315000,1758320040,2880,2580,2580,126,2580,false,110,8,0,102,0,110,2376000,"[UA_1941_2025-09-19_ORD_CVG_0_0, UA_2329_2025-09-19_ORD_DTW_0_0]",ORD,4899
UA_657_2025-09-19_DSM_ORD_0_0,657DSM2025-09-19,4899,2025-09-19,DSM,ORD,1758324300,1758329940,UA_2091_2025-09-19_ORD_DSM_0_0,MX_4899_2025-09-19_ORD_ORD_false,-5,-5,1758324300,1758329940,2520,2580,2580,126,2580,false,74,10,0,64,37,74,1598400,,DSM,4899
MX_4899_2025-09-19_ORD_ORD_false,MX_4899_2025-09-19_ORD_ORD_false,4899,2025-09-19,ORD,ORD,1758329940,1758365940,UA_657_2025-09-19_DSM_ORD_0_0,UA_623_2025-09-20_ORD_ALB_0_0,,,1758329940,1758365940,5100,5100,5100,,0,true,,,,,,,,,ORD,4899
UA_623_2025-09-20_ORD_ALB_0_0,623ORD2025-09-20,4899,2025-09-20,ORD,ALB,1758394500,1758402120,MX_4899_2025-09-19_ORD_ORD_false,UA_249_2025-09-20_ALB_ORD_0_0,-5,-4,1758394500,1758402120,5100,2580,2580,126,2580,false,121,12,0,109,0,121,2613600,"[UA_1478_2025-09-20_ORD_YEG_0_0, UA_1307_2025-09-20_ORD_MDT_0_0, UA_1525_2025-09-20_ORD_AUS_0_0]",ORD,4899
UA_249_2025-09-20_ALB_ORD_0_0,249ALB2025-09-20,4899,2025-09-20,ALB,ORD,1758405480,1758414420,UA_623_2025-09-20_ORD_ALB_0_0,MX_4899_2025-09-20_ORD_ORD_false,-4,-5,1758405480,1758414420,2520,2580,2580,126,2580,false,33,2,0,31,16,33,712800,,ALB,4899
MX_4899_2025-09-20_ORD_ORD_false,MX_4899_2025-09-20_ORD_ORD_false,4899,2025-09-20,ORD,ORD,1758412800,1758585600,UA_249_2025-09-20_ALB_ORD_0_0,UA_473_2025-09-21_ORD_DTW_0_0,,,1758412800,1758585600,5100,5100,5100,,0,true,,,,,,,,,ORD,4899
UA_473_2025-09-21_ORD_DTW_0_0,473ORD2025-09-21,4899,2025-09-21,ORD,DTW,1758457800,1758462780,MX_4899_2025-09-20_ORD_ORD_false,UA_752_2025-09-21_DTW_ORD_0_0,-5,-4,1758457800,1758462780,5100,2580,2580,126,2580,false,34,3,0,31,1,34,734400,"[UA_2164_2025-09-21_ORD_ABQ_0_0, UA_2455_2025-09-21_ORD_SAV_0_0]",ORD,4899
UA_752_2025-09-21_DTW_ORD_0_0,752DTW2025-09-21,4899,2025-09-21,DTW,ORD,1758466800,1758472020,UA_473_2025-09-21_ORD_DTW_0_0,UA_2144_2025-09-21_ORD_YYZ_0_0,-4,-5,1758466800,1758472020,2520,2580,2580,126,2580,false,111,10,0,101,75,111,2397600,,DTW,4899
UA_2144_2025-09-21_ORD_YYZ_0_0,2144ORD2025-09-21,4899,2025-09-21,ORD,YYZ,1758477900,1758483960,UA_752_2025-09-21_DTW_ORD_0_0,UA_2121_2025-09-21_YYZ_ORD_0_0,-5,-4,1758477900,1758483960,2880,3120,3120,126,2580,false,120,11,0,109,16,120,2592000,"[UA_2653_2025-09-21_ORD_RDU_0_0, UA_442_2025-09-21_ORD_ORF_0_0, UA_2635_2025-09-21_ORD_CLT_0_0, UA_1558_2025-09-21_ORD_CHS_0_0, UA_793_2025-09-21_ORD_DFW_0_0, UA_233_2025-09-21_ORD_TVC_0_0]",ORD,4899
UA_2121_2025-09-21_YYZ_ORD_0_0,2121YYZ2025-09-21,4899,2025-09-21,YYZ,ORD,1758489300,1758496320,UA_2144_2025-09-21_ORD_YYZ_0_0,UA_661_2025-09-21_ORD_DSM_0_0,-4,-5,1758489300,1758496320,3000,2880,2880,126,3120,false,125,12,0,113,51,125,2700000,,YYZ,4899
UA_661_2025-09-21_ORD_DSM_0_0,661ORD2025-09-21,4899,2025-09-21,ORD,DSM,1758503700,1758509100,UA_2121_2025-09-21_YYZ_ORD_0_0,,-5,-5,1758503700,1758509100,2880,3060,3060,126,2880,false,125,9,0,116,0,125,2700000,[UA_739_2025-09-21_ORD_SLC_0_0],ORD,4899
