fid,fid_raw,tail,dep,arr,deptime,arrtime,prev_fid,next_fid,turn,delay_penalty,cancel_penalty,alternates
1,UA_220_2025-09-19_AUS_IAH_0_0,4871,AUS,IAH,1758277800,1758281220,,2.0,2580,122,2635200,[180]
2,UA_1962_2025-09-19_IAH_ATL_0_0,4871,IAH,ATL,1758285060,1758292920,1.0,3.0,2580,125,2700000,"[263, 221, 196, 103, 15]"
3,UA_222_2025-09-19_ATL_IAH_0_0,4871,ATL,IAH,1758297600,1758305820,2.0,4.0,2580,116,2505600,
4,UA_1028_2025-09-19_IAH_MEX_0_0,4871,IAH,MEX,1758316980,1758325800,3.0,5.0,3120,60,1296000,"[265, 105, 92]"
5,MX_4871_2025-09-19_MEX_MEX_false,4871,MEX,MEX,1758325800,1758361800,4.0,6.0,5100,0,7500000,
6,UA_428_2025-09-20_MEX_IAH_0_0,4871,MEX,IAH,1758371400,1758380820,5.0,7.0,2880,109,2354400,
7,UA_2675_2025-09-20_IAH_PIT_0_0,4871,IAH,PIT,1758387600,1758397980,6.0,8.0,3480,103,2224800,"[201, 108, 96]"
8,UA_2491_2025-09-21_PIT_IAH_0_0,4871,PIT,IAH,1758449400,1758460320,7.0,9.0,2580,72,1555200,
9,UA_1594_2025-09-21_IAH_DFW_0_0,4871,IAH,DFW,1758465960,1758470940,8.0,10.0,2580,101,2181600,"[205, 112, 37, 177, 175]"
10,UA_2112_2025-09-21_DFW_IAH_0_0,4871,DFW,IAH,1758474300,1758478740,9.0,11.0,2580,112,2419200,
11,UA_1455_2025-09-21_IAH_SAT_0_0,4871,IAH,SAT,1758482400,1758486360,10.0,12.0,2580,120,2592000,"[114, 39, 177]"
12,UA_2157_2025-09-21_SAT_IAH_0_0,4871,SAT,IAH,1758489720,1758493500,11.0,13.0,2580,126,2721600,
13,UA_1794_2025-09-21_IAH_MEM_0_0,4871,IAH,MEM,1758502380,1758508620,12.0,,2580,124,2678400,"[219, 207, 102, 179]"
14,UA_469_2025-09-19_SAT_IAH_0_0,4872,SAT,IAH,1758277800,1758281640,,15.0,2760,114,2462400,
15,UA_1934_2025-09-19_IAH_CLE_0_0,4872,IAH,CLE,1758285300,1758295620,14.0,16.0,2580,120,2592000,"[263, 221, 196, 103, 2]"
16,UA_1004_2025-09-19_CLE_EWR_0_0,4872,CLE,EWR,1758299040,1758304740,15.0,17.0,2580,124,2678400,
17,UA_1004_2025-09-19_EWR_CLT_0_0,4872,EWR,CLT,1758312000,1758319260,16.0,18.0,2580,122,2635200,
18,UA_2094_2025-09-19_CLT_EWR_0_0,4872,CLT,EWR,1758326460,1758333600,17.0,19.0,2580,40,864000,
19,UA_1890_2025-09-20_EWR_RDU_0_0,4872,EWR,RDU,1758365100,1758371160,18.0,20.0,2580,113,2440800,
20,UA_247_2025-09-20_RDU_ORD_0_0,4872,RDU,ORD,1758376800,1758385380,19.0,21.0,2580,122,2635200,
21,UA_1525_2025-09-20_ORD_AUS_0_0,4872,ORD,AUS,1758392100,1758402300,20.0,22.0,2580,115,2484000,"[307, 137, 48]"
22,UA_1878_2025-09-21_AUS_ORD_0_0,4872,AUS,ORD,1758456000,1758466500,21.0,23.0,2580,122,2635200,[174]
23,UA_233_2025-09-21_ORD_TVC_0_0,4872,ORD,TVC,1758470640,1758475140,22.0,24.0,2580,90,1944000,"[312, 285, 272, 139, 127, 50]"
24,UA_2439_2025-09-21_TVC_ORD_0_0,4872,TVC,ORD,1758478500,1758483540,23.0,25.0,2580,123,2656800,
25,UA_793_2025-09-21_ORD_DFW_0_0,4872,ORD,DFW,1758487800,1758497220,24.0,26.0,2580,124,2678400,"[312, 139, 52]"
26,UA_1718_2025-09-21_DFW_ORD_0_0,4872,DFW,ORD,1758500700,1758509880,25.0,27.0,2580,120,2592000,"[261, 89]"
27,MX_4872_2025-09-21_ORD_ORD_false,4872,ORD,ORD,1758509880,1758538680,26.0,,5100,0,7500000,
28,UA_1697_2025-09-19_EUG_SFO_0_0,4873,EUG,SFO,1758286800,1758292560,,29.0,2580,68,1468800,
29,UA_499_2025-09-19_SFO_BNA_0_0,4873,SFO,BNA,1758297600,1758313740,28.0,30.0,2580,116,2505600,"[209, 143, 77, 53]"
30,UA_2142_2025-09-19_BNA_SFO_0_0,4873,BNA,SFO,1758318900,1758336180,29.0,31.0,2580,125,2700000,[182]
31,UA_653_2025-09-19_SFO_PDX_0_0,4873,SFO,PDX,1758340200,1758346620,30.0,32.0,2580,119,2570400,"[291, 211, 55]"
32,UA_1660_2025-09-20_PDX_SFO_0_0,4873,PDX,SFO,1758379500,1758386280,31.0,33.0,2580,108,2332800,
33,UA_1517_2025-09-20_SFO_DFW_0_0,4873,SFO,DFW,1758390000,1758403320,32.0,34.0,2580,108,2332800,"[293, 213, 147, 57]"
34,UA_1609_2025-09-20_DFW_IAH_0_0,4873,DFW,IAH,1758407100,1758411780,33.0,35.0,2580,33,712800,[172]
35,UA_465_2025-09-20_IAH_IND_0_0,4873,IAH,IND,1758416580,1758425280,34.0,36.0,3060,81,1749600,"[203, 110, 98, 173]"
36,UA_2227_2025-09-21_IND_IAH_0_0,4873,IND,IAH,1758452400,1758461580,35.0,37.0,2580,125,2700000,
37,UA_1060_2025-09-21_IAH_MEX_0_0,4873,IAH,MEX,1758464820,1758473100,36.0,38.0,3120,120,2592000,"[205, 112, 9, 175]"
38,UA_1091_2025-09-21_MEX_IAH_0_0,4873,MEX,IAH,1758476100,1758484320,37.0,39.0,2880,118,2548800,
39,UA_1028_2025-09-21_IAH_MEX_0_0,4873,IAH,MEX,1758489780,1758498600,38.0,40.0,3480,61,1317600,"[207, 114, 102, 11]"
40,MX_4873_2025-09-21_MEX_MEX_false,4873,MEX,MEX,1758498600,1758534600,39.0,,5100,0,7500000,
41,UA_2471_2025-09-19_ORD_JAX_0_0,4874,ORD,JAX,1758283200,1758291900,,42.0,2580,111,2397600,[130]
42,UA_1239_2025-09-19_JAX_ORD_0_0,4874,JAX,ORD,1758295800,1758305700,41.0,43.0,2580,124,2678400,
43,UA_2329_2025-09-19_ORD_DTW_0_0,4874,ORD,DTW,1758309600,1758314760,42.0,44.0,2580,118,2548800,"[304, 276, 132]"
44,UA_426_2025-09-19_DTW_ORD_0_0,4874,DTW,ORD,1758318840,1758324060,43.0,45.0,2580,116,2505600,
45,UA_1991_2025-09-19_ORD_ABQ_0_0,4874,ORD,ABQ,1758328680,1758340440,44.0,46.0,2580,107,2311200,"[278, 134]"
46,MX_4874_2025-09-19_ABQ_ABQ_false,4874,ABQ,ABQ,1758340440,1758369240,45.0,47.0,5100,0,7500000,
47,UA_1596_2025-09-20_ABQ_ORD_0_0,4874,ABQ,ORD,1758378000,1758388740,46.0,48.0,2580,123,2656800,
48,UA_1307_2025-09-20_ORD_MDT_0_0,4874,ORD,MDT,1758394500,1758401640,47.0,49.0,2580,124,2678400,"[307, 137, 21]"
49,UA_2684_2025-09-21_MDT_ORD_0_0,4874,MDT,ORD,1758451500,1758459180,48.0,50.0,2580,121,2613600,
50,UA_2455_2025-09-21_ORD_SAV_0_0,4874,ORD,SAV,1758462900,1758471540,49.0,51.0,2580,78,1684800,"[310, 285, 272, 127, 23]"
51,UA_754_2025-09-21_SAV_ORD_0_0,4874,SAV,ORD,1758474900,1758483900,50.0,52.0,2580,126,2721600,
52,UA_1558_2025-09-21_ORD_CHS_0_0,4874,ORD,CHS,1758487800,1758496080,51.0,,2580,123,2656800,"[312, 139, 25]"
53,UA_1531_2025-09-19_SFO_MSP_0_0,4875,SFO,MSP,1758295800,1758309420,,54.0,2580,120,2592000,"[209, 143, 77, 29]"
54,UA_1214_2025-09-19_MSP_SFO_0_0,4875,MSP,SFO,1758313200,1758328020,53.0,55.0,2580,116,2505600,[303]
55,UA_210_2025-09-19_SFO_ONT_0_0,4875,SFO,ONT,1758334200,1758339180,54.0,56.0,2580,118,2548800,"[291, 211, 31]"
56,UA_2647_2025-09-20_ONT_SFO_0_0,4875,ONT,SFO,1758373200,1758377940,55.0,57.0,2580,119,2570400,
57,UA_1417_2025-09-20_SFO_SEA_0_0,4875,SFO,SEA,1758387000,1758395220,56.0,58.0,2580,120,2592000,"[293, 213, 147, 33]"
58,UA_1620_2025-09-20_SEA_SFO_0_0,4875,SEA,SFO,1758398700,1758406800,57.0,59.0,2580,116,2505600,
59,UA_2339_2025-09-20_SFO_SEA_0_0,4875,SFO,SEA,1758411300,1758419340,58.0,60.0,2580,71,1533600,[295]
60,MX_4875_2025-09-20_SEA_SEA_false,4875,SEA,SEA,1758419340,1758448140,59.0,61.0,5100,0,7500000,
61,UA_2640_2025-09-21_SEA_SFO_0_0,4875,SEA,SFO,1758463200,1758471540,60.0,62.0,2580,118,2548800,
62,UA_1957_2025-09-21_SFO_ABQ_0_0,4875,SFO,ABQ,1758480840,1758489780,61.0,63.0,2580,122,2635200,"[298, 217, 150]"
63,UA_1016_2025-09-21_ABQ_SFO_0_0,4875,ABQ,SFO,1758493140,1758502200,62.0,,2580,122,2635200,[128]
64,UA_2172_2025-09-19_CMH_SFO_0_0,4876,CMH,SFO,1758286800,1758305040,,65.0,2940,92,1987200,
65,UA_255_2025-09-19_SFO_AUS_0_0,4876,SFO,AUS,1758312000,1758325020,64.0,66.0,2580,120,2592000,"[289, 145, 77]"
66,UA_789_2025-09-19_AUS_IAH_0_0,4876,AUS,IAH,1758329100,1758332880,65.0,67.0,2580,41,885600,"[266, 252]"
67,UA_1475_2025-09-19_IAH_SAT_0_0,4876,IAH,SAT,1758336300,1758340080,66.0,68.0,2580,82,1771200,"[198, 94]"
68,UA_469_2025-09-20_SAT_IAH_0_0,4876,SAT,IAH,1758364200,1758368040,67.0,69.0,2580,104,2246400,
69,UA_1934_2025-09-20_IAH_CLE_0_0,4876,IAH,CLE,1758371700,1758382020,68.0,70.0,2580,104,2246400,[201]
70,UA_1004_2025-09-20_CLE_EWR_0_0,4876,CLE,EWR,1758385440,1758391200,69.0,71.0,2580,123,2656800,
71,UA_2856_2025-09-20_EWR_DFW_0_0,4876,EWR,DFW,1758411360,1758425280,70.0,72.0,2580,79,1706400,[188]
72,UA_1847_2025-09-21_DFW_EWR_0_0,4876,DFW,EWR,1758456000,1758468540,71.0,73.0,2580,118,2548800,
73,UA_598_2025-09-21_EWR_SAV_0_0,4876,EWR,SAV,1758474000,1758482340,72.0,74.0,2580,122,2635200,
74,UA_1330_2025-09-21_SAV_EWR_0_0,4876,SAV,EWR,1758486360,1758494160,73.0,75.0,2580,126,2721600,
75,UA_2856_2025-09-21_EWR_DFW_0_0,4876,EWR,DFW,1758497760,1758511680,74.0,,2580,123,2656800,"[287, 141]"
76,UA_1449_2025-09-19_YVR_SFO_0_0,4878,YVR,SFO,1758290400,1758299160,,77.0,2880,61,1317600,
77,UA_2448_2025-09-19_SFO_JAC_0_0,4878,SFO,JAC,1758303840,1758311460,76.0,78.0,3060,120,2592000,"[289, 209, 145, 65, 53, 29]"
78,UA_2671_2025-09-19_JAC_DEN_0_0,4878,JAC,DEN,1758315000,1758320760,77.0,79.0,2580,92,1987200,
79,UA_1094_2025-09-19_DEN_YYZ_0_0,4878,DEN,YYZ,1758325020,1758336480,78.0,80.0,3120,115,2484000,"[251, 239, 224, 156, 120]"
80,UA_490_2025-09-20_YYZ_ORD_0_0,4878,YYZ,ORD,1758366000,1758373140,79.0,81.0,2880,92,1987200,
81,UA_2164_2025-09-20_ORD_ABQ_0_0,4878,ORD,ABQ,1758378000,1758389640,80.0,82.0,3060,110,2376000,"[281, 123]"
82,UA_1968_2025-09-20_ABQ_IAD_0_0,4878,ABQ,IAD,1758401880,1758415320,81.0,83.0,2580,101,2181600,
83,MX_4878_2025-09-20_IAD_IAD_false,4878,IAD,IAD,1758415320,1758436920,82.0,84.0,5100,0,7500000,
84,UA_1257_2025-09-21_IAD_BDL_0_0,4878,IAD,BDL,1758456900,1758461760,83.0,85.0,2580,120,2592000,[100]
85,UA_1786_2025-09-21_BDL_IAD_0_0,4878,BDL,IAD,1758465120,1758470100,84.0,86.0,2580,123,2656800,
86,UA_1357_2025-09-21_IAD_RDU_0_0,4878,IAD,RDU,1758474000,1758478200,85.0,87.0,2580,121,2613600,
87,UA_2463_2025-09-21_RDU_IAD_0_0,4878,RDU,IAD,1758481800,1758485880,86.0,88.0,2580,122,2635200,[286]
88,UA_2116_2025-09-21_IAD_DFW_0_0,4878,IAD,DFW,1758489600,1758501360,87.0,89.0,2580,123,2656800,
89,UA_1961_2025-09-21_DFW_DEN_0_0,4878,DFW,DEN,1758505200,1758513300,88.0,90.0,2580,41,885600,"[261, 26]"
90,MX_4878_2025-09-21_DEN_DEN_false,4878,DEN,DEN,1758513300,1758534900,89.0,,5100,0,7500000,
91,UA_2004_2025-09-19_YEG_IAH_0_0,4879,YEG,IAH,1758290700,1758306660,,92.0,2880,116,2505600,
92,UA_1388_2025-09-19_IAH_DFW_0_0,4879,IAH,DFW,1758310500,1758315480,91.0,93.0,2580,83,1792800,"[265, 105, 4]"
93,UA_1609_2025-09-19_DFW_IAH_0_0,4879,DFW,IAH,1758320700,1758325380,92.0,94.0,2580,86,1857600,
94,UA_1314_2025-09-19_IAH_MAF_0_0,4879,IAH,MAF,1758330900,1758336900,93.0,95.0,2580,36,777600,"[198, 67]"
95,UA_537_2025-09-20_MAF_IAH_0_0,4879,MAF,IAH,1758369600,1758375060,94.0,96.0,2580,57,1231200,
96,UA_2045_2025-09-20_IAH_IAD_0_0,4879,IAH,IAD,1758383700,1758394980,95.0,97.0,2580,90,1944000,"[201, 108, 7]"
97,UA_1490_2025-09-20_IAD_IAH_0_0,4879,IAD,IAH,1758399000,1758410880,96.0,98.0,2580,112,2419200,
98,UA_2352_2025-09-20_IAH_IAD_0_0,4879,IAH,IAD,1758415800,1758426960,97.0,99.0,2580,103,2224800,"[203, 110, 35, 173]"
99,MX_4879_2025-09-20_IAD_IAD_false,4879,IAD,IAD,1758426960,1758448560,98.0,100.0,5100,0,7500000,
100,UA_1734_2025-09-21_IAD_BZN_0_0,4879,IAD,BZN,1758457800,1758473400,99.0,101.0,2580,93,2008800,[84]
101,UA_1086_2025-09-21_BZN_IAH_0_0,4879,BZN,IAH,1758478800,1758491040,100.0,102.0,2580,110,2376000,
102,UA_313_2025-09-21_IAH_YYZ_0_0,4879,IAH,YYZ,1758496560,1758508560,101.0,,3120,125,2700000,"[207, 114, 39, 13]"
103,UA_1060_2025-09-19_IAH_MEX_0_0,4880,IAH,MEX,1758292020,1758300300,,104.0,3120,125,2700000,"[263, 196, 15, 2]"
104,UA_1091_2025-09-19_MEX_IAH_0_0,4880,MEX,IAH,1758303300,1758311520,103.0,105.0,3180,75,1620000,
105,UA_2472_2025-09-19_IAH_DCA_0_0,4880,IAH,DCA,1758318300,1758329580,104.0,106.0,3780,63,1360800,"[265, 92, 4]"
106,MX_4880_2025-09-19_DCA_DCA_false,4880,DCA,DCA,1758329580,1758351180,105.0,107.0,5100,0,7500000,
107,UA_697_2025-09-20_DCA_IAH_0_0,4880,DCA,IAH,1758370800,1758383040,106.0,108.0,2760,88,1900800,
108,UA_1823_2025-09-20_IAH_SLC_0_0,4880,IAH,SLC,1758389400,1758400920,107.0,109.0,2580,94,2030400,"[201, 96, 7]"
109,UA_2198_2025-09-20_SLC_IAH_0_0,4880,SLC,IAH,1758406200,1758417240,108.0,110.0,2760,65,1404000,[202]
110,UA_429_2025-09-20_IAH_MEX_0_0,4880,IAH,MEX,1758422760,1758431400,109.0,111.0,3600,95,2052000,"[98, 35]"
111,UA_1085_2025-09-21_MEX_IAH_0_0,4880,MEX,IAH,1758451200,1758459360,110.0,112.0,2880,91,1965600,
112,UA_2118_2025-09-21_IAH_BJX_0_0,4880,IAH,BJX,1758465300,1758473340,111.0,113.0,3780,53,1144800,"[205, 37, 9, 177, 175]"
113,UA_1072_2025-09-21_BJX_IAH_0_0,4880,BJX,IAH,1758476700,1758483840,112.0,114.0,2880,127,2743200,
114,UA_1711_2025-09-21_IAH_AUS_0_0,4880,IAH,AUS,1758489600,1758493380,113.0,115.0,3780,122,2635200,"[207, 102, 39, 11]"
115,UA_345_2025-09-21_AUS_DEN_0_0,4880,AUS,DEN,1758496740,1758505200,114.0,116.0,2580,127,2743200,[218]
116,MX_4880_2025-09-21_DEN_DEN_false,4880,DEN,DEN,1758505200,1758526800,115.0,,5100,0,7500000,
117,UA_1442_2025-09-19_OMA_DEN_0_0,4881,OMA,DEN,1758279600,1758285540,,118.0,2580,119,2570400,
118,UA_397_2025-09-19_DEN_SJC_0_0,4881,DEN,SJC,1758291300,1758300660,117.0,119.0,2580,80,1728000,"[237, 222, 166]"
119,UA_431_2025-09-19_SJC_DEN_0_0,4881,SJC,DEN,1758310200,1758319560,118.0,120.0,2580,125,2700000,
120,UA_616_2025-09-19_DEN_CLT_0_0,4881,DEN,CLT,1758324900,1758336780,119.0,121.0,2580,115,2484000,"[251, 239, 224, 156, 79]"
121,MX_4881_2025-09-19_CLT_CLT_false,4881,CLT,CLT,1758326400,1758355200,120.0,122.0,5100,0,7500000,
122,UA_2672_2025-09-20_CLT_ORD_0_0,4881,CLT,ORD,1758364800,1758373200,121.0,123.0,2580,79,1706400,
123,UA_764_2025-09-20_ORD_YYC_0_0,4881,ORD,YYC,1758376080,1758389880,122.0,124.0,3120,123,2656800,"[281, 81]"
124,UA_1655_2025-09-20_YYC_ORD_0_0,4881,YYC,ORD,1758393480,1758406200,123.0,125.0,2880,112,2419200,
125,UA_1504_2025-09-20_ORD_CVG_0_0,4881,ORD,CVG,1758410400,1758415860,124.0,126.0,3060,83,1792800,[283]
126,UA_2287_2025-09-21_CVG_ORD_0_0,4881,CVG,ORD,1758452400,1758458040,125.0,127.0,2580,126,2721600,
127,UA_2164_2025-09-21_ORD_ABQ_0_0,4881,ORD,ABQ,1758464400,1758476040,126.0,128.0,2580,107,2311200,"[310, 285, 272, 50, 23]"
128,UA_1968_2025-09-21_ABQ_IAD_0_0,4881,ABQ,IAD,1758488280,1758501720,127.0,129.0,2580,122,2635200,[63]
129,MX_4881_2025-09-21_IAD_IAD_false,4881,IAD,IAD,1758501720,1758505320,128.0,,5100,0,7500000,
130,UA_1139_2025-09-19_ORD_DSM_0_0,4882,ORD,DSM,1758291120,1758296340,,131.0,2580,105,2268000,"[302, 276, 41]"
131,UA_2306_2025-09-19_DSM_ORD_0_0,4882,DSM,ORD,1758299700,1758305340,130.0,132.0,2580,101,2181600,
132,UA_1941_2025-09-19_ORD_CVG_0_0,4882,ORD,CVG,1758309900,1758315000,131.0,133.0,2580,112,2419200,"[304, 43]"
133,UA_1813_2025-09-19_CVG_ORD_0_0,4882,CVG,ORD,1758319920,1758325800,132.0,134.0,2580,122,2635200,
134,UA_661_2025-09-19_ORD_DSM_0_0,4882,ORD,DSM,1758330900,1758336300,133.0,135.0,2580,116,2505600,"[278, 45]"
135,MX_4882_2025-09-19_DSM_DSM_false,4882,DSM,DSM,1758336300,1758339900,134.0,136.0,5100,0,7500000,
136,UA_1363_2025-09-20_DSM_ORD_0_0,4882,DSM,ORD,1758373200,1758378840,135.0,137.0,2580,73,1576800,[200]
137,UA_1478_2025-09-20_ORD_YEG_0_0,4882,ORD,YEG,1758392820,1758407100,136.0,138.0,3120,115,2484000,"[307, 48, 21]"
138,UA_2004_2025-09-21_YEG_ORD_0_0,4882,YEG,ORD,1758463500,1758475920,137.0,139.0,2880,124,2678400,
139,UA_2635_2025-09-21_ORD_CLT_0_0,4882,ORD,CLT,1758480900,1758488700,138.0,140.0,2580,115,2484000,"[312, 285, 272, 52, 25, 23]"
140,UA_702_2025-09-21_CLT_EWR_0_0,4882,CLT,EWR,1758493800,1758501000,139.0,141.0,2580,125,2700000,[193]
141,UA_2127_2025-09-21_EWR_CLT_0_0,4882,EWR,CLT,1758504420,1758512040,140.0,142.0,2580,88,1900800,"[287, 75]"
142,MX_4882_2025-09-21_CLT_CLT_false,4882,CLT,CLT,1758512040,1758533640,141.0,,5100,0,7500000,
143,UA_1027_2025-09-19_SFO_PDX_0_0,4883,SFO,PDX,1758290700,1758297060,,144.0,2580,129,2786400,"[209, 53, 29]"
144,UA_1998_2025-09-19_PDX_SFO_0_0,4883,PDX,SFO,1758300420,1758307200,143.0,145.0,2580,124,2678400,
145,UA_1668_2025-09-19_SFO_PDX_0_0,4883,SFO,PDX,1758311700,1758318120,144.0,146.0,2580,126,2721600,"[289, 77, 65]"
146,UA_644_2025-09-19_PDX_SFO_0_0,4883,PDX,SFO,1758321840,1758328500,145.0,147.0,2580,98,2116800,
147,UA_499_2025-09-20_SFO_BNA_0_0,4883,SFO,BNA,1758384000,1758400140,146.0,148.0,2580,106,2289600,"[293, 213, 57, 33]"
148,MX_4883_2025-09-20_BNA_BNA_false,4883,BNA,BNA,1758400140,1758421740,147.0,149.0,5100,0,7500000,
149,UA_611_2025-09-21_BNA_SFO_0_0,4883,BNA,SFO,1758455100,1758472380,148.0,150.0,2580,125,2700000,[231]
150,UA_2448_2025-09-21_SFO_JAC_0_0,4883,SFO,JAC,1758476640,1758484260,149.0,151.0,2580,107,2311200,"[298, 217, 62]"
151,UA_2671_2025-09-21_JAC_DEN_0_0,4883,JAC,DEN,1758487800,1758493560,150.0,152.0,2580,114,2462400,
152,UA_1726_2025-09-21_DEN_DAY_0_0,4883,DEN,DAY,1758497400,1758507120,151.0,,2580,126,2721600,"[260, 246, 164]"
153,UA_1597_2025-09-19_DAY_DEN_0_0,4884,DAY,DEN,1758288420,1758299700,,154.0,2580,114,2462400,
154,UA_221_2025-09-19_DEN_ELP_0_0,4884,DEN,ELP,1758303900,1758310440,153.0,155.0,2580,121,2613600,"[249, 237]"
155,UA_1894_2025-09-19_ELP_DEN_0_0,4884,ELP,DEN,1758314100,1758321000,154.0,156.0,2580,121,2613600,
156,UA_1726_2025-09-19_DEN_DAY_0_0,4884,DEN,DAY,1758324600,1758334320,155.0,157.0,2580,116,2505600,"[251, 239, 224, 120, 79]"
157,UA_1597_2025-09-20_DAY_DEN_0_0,4884,DAY,DEN,1758374820,1758386100,156.0,158.0,2580,104,2246400,
158,UA_1183_2025-09-20_DEN_GTF_0_0,4884,DEN,GTF,1758390120,1758397020,157.0,159.0,2580,116,2505600,"[268, 254, 241]"
159,UA_1965_2025-09-20_GTF_DEN_0_0,4884,GTF,DEN,1758400500,1758407580,158.0,160.0,2580,116,2505600,
160,UA_1351_2025-09-20_DEN_FAR_0_0,4884,DEN,FAR,1758411600,1758418260,159.0,161.0,2580,121,2613600,"[270, 256, 229]"
161,UA_2001_2025-09-21_FAR_DEN_0_0,4884,FAR,DEN,1758463200,1758470520,160.0,162.0,2580,110,2376000,
162,UA_2111_2025-09-21_DEN_MEM_0_0,4884,DEN,MEM,1758474120,1758482280,161.0,163.0,2580,110,2376000,"[258, 244, 232]"
163,UA_1906_2025-09-21_MEM_DEN_0_0,4884,MEM,DEN,1758486000,1758495240,162.0,164.0,2580,127,2743200,
164,UA_1300_2025-09-21_DEN_BNA_0_0,4884,DEN,BNA,1758498900,1758508500,163.0,165.0,2580,123,2656800,"[260, 246, 152]"
165,MX_4884_2025-09-21_BNA_BNA_false,4884,BNA,BNA,1758508500,1758530100,164.0,,5100,0,7500000,
166,UA_275_2025-09-19_DEN_DFW_0_0,4888,DEN,DFW,1758289560,1758297000,,167.0,2580,105,2268000,"[237, 222, 118]"
167,UA_358_2025-09-19_DFW_IAD_0_0,4888,DFW,IAD,1758301800,1758312720,166.0,168.0,2580,122,2635200,
168,UA_2081_2025-09-19_IAD_ATL_0_0,4888,IAD,ATL,1758318300,1758325080,167.0,169.0,2580,116,2505600,
169,MX_4888_2025-09-19_ATL_ATL_false,4888,ATL,ATL,1758325080,1758353880,168.0,170.0,5100,0,7500000,
170,UA_632_2025-09-20_ATL_IAD_0_0,4888,ATL,IAD,1758375300,1758381840,169.0,171.0,2580,97,2095200,
171,UA_1840_2025-09-20_IAD_DFW_0_0,4888,IAD,DFW,1758386880,1758398640,170.0,172.0,2580,96,2073600,
172,UA_2682_2025-09-20_DFW_IAH_0_0,4888,DFW,IAH,1758402000,1758406440,171.0,173.0,2580,58,1252800,[34]
173,UA_1533_2025-09-20_IAH_AUS_0_0,4888,IAH,AUS,1758411180,1758414960,172.0,174.0,2580,88,1900800,"[203, 98, 35]"
174,UA_220_2025-09-21_AUS_IAH_0_0,4888,AUS,IAH,1758450600,1758454020,173.0,175.0,2580,122,2635200,[22]
175,UA_794_2025-09-21_IAH_MAF_0_0,4888,IAH,MAF,1758457200,1758462600,174.0,176.0,2580,21,453600,"[205, 112, 37, 9]"
176,UA_1737_2025-09-21_MAF_IAH_0_0,4888,MAF,IAH,1758465960,1758471300,175.0,177.0,2580,46,993600,
177,UA_1823_2025-09-21_IAH_SLC_0_0,4888,IAH,SLC,1758475800,1758487320,176.0,178.0,2580,118,2548800,"[205, 112, 11, 9]"
178,UA_2198_2025-09-21_SLC_IAH_0_0,4888,SLC,IAH,1758492600,1758503640,177.0,179.0,2580,125,2700000,[206]
179,UA_429_2025-09-21_IAH_MEX_0_0,4888,IAH,MEX,1758509160,1758517800,178.0,,3120,97,2095200,"[219, 13]"
180,UA_1760_2025-09-19_AUS_EWR_0_0,4889,AUS,EWR,1758280080,1758293940,,181.0,2580,122,2635200,[1]
181,UA_1360_2025-09-19_EWR_BNA_0_0,4889,EWR,BNA,1758297540,1758306120,180.0,182.0,2580,125,2700000,
182,UA_264_2025-09-19_BNA_EWR_0_0,4889,BNA,EWR,1758310020,1758318300,181.0,183.0,2580,121,2613600,[30]
183,UA_2856_2025-09-19_EWR_DFW_0_0,4889,EWR,DFW,1758324960,1758338880,182.0,184.0,2580,105,2268000,
184,MX_4889_2025-09-19_DFW_DFW_false,4889,DFW,DFW,1758338880,1758342480,183.0,185.0,5100,0,7500000,
185,UA_1847_2025-09-20_DFW_EWR_0_0,4889,DFW,EWR,1758369600,1758382140,184.0,186.0,2580,105,2268000,
186,UA_598_2025-09-20_EWR_SAV_0_0,4889,EWR,SAV,1758387600,1758395940,185.0,187.0,2580,122,2635200,
187,UA_2074_2025-09-20_SAV_EWR_0_0,4889,SAV,EWR,1758403200,1758411000,186.0,188.0,2580,92,1987200,
188,UA_1395_2025-09-20_EWR_BOS_0_0,4889,EWR,BOS,1758419940,1758424920,187.0,189.0,2580,111,2397600,[71]
189,UA_1833_2025-09-21_BOS_EWR_0_0,4889,BOS,EWR,1758448800,1758453780,188.0,190.0,2580,48,1036800,
190,UA_1833_2025-09-21_EWR_ATL_0_0,4889,EWR,ATL,1758459600,1758468480,189.0,191.0,2580,123,2656800,
191,UA_1915_2025-09-21_ATL_EWR_0_0,4889,ATL,EWR,1758471840,1758480000,190.0,192.0,2580,122,2635200,
192,UA_1004_2025-09-21_EWR_CLT_0_0,4889,EWR,CLT,1758486540,1758493800,191.0,193.0,2580,124,2678400,[287]
193,UA_2094_2025-09-21_CLT_EWR_0_0,4889,CLT,EWR,1758499260,1758506400,192.0,194.0,2580,129,2786400,[140]
194,MX_4889_2025-09-21_EWR_EWR_false,4889,EWR,EWR,1758506400,1758528000,193.0,,5100,0,7500000,
195,UA_537_2025-09-19_MAF_IAH_0_0,4890,MAF,IAH,1758283200,1758288660,,196.0,2580,101,2181600,
196,UA_1688_2025-09-19_IAH_YYZ_0_0,4890,IAH,YYZ,1758294900,1758306600,195.0,197.0,3120,122,2635200,"[263, 103, 15, 2]"
197,UA_2236_2025-09-19_YYZ_IAH_0_0,4890,YYZ,IAH,1758311940,1758324780,196.0,198.0,2880,90,1944000,
198,UA_1780_2025-09-19_IAH_DSM_0_0,4890,IAH,DSM,1758330240,1758338880,197.0,199.0,3060,88,1900800,"[94, 67]"
199,MX_4890_2025-09-19_DSM_DSM_false,4890,DSM,DSM,1758338880,1758360480,198.0,200.0,5100,0,7500000,
200,UA_1982_2025-09-20_DSM_IAH_0_0,4890,DSM,IAH,1758366900,1758375720,199.0,201.0,2580,95,2052000,[136]
201,UA_2242_2025-09-20_IAH_SLC_0_0,4890,IAH,SLC,1758380160,1758391800,200.0,202.0,2580,91,1965600,"[108, 96, 69, 7]"
202,UA_2659_2025-09-20_SLC_IAH_0_0,4890,SLC,IAH,1758395400,1758406440,201.0,203.0,2580,110,2376000,[109]
203,UA_313_2025-09-20_IAH_YYZ_0_0,4890,IAH,YYZ,1758410160,1758422160,202.0,204.0,3120,88,1900800,"[98, 35, 173]"
204,UA_1345_2025-09-21_YYZ_IAH_0_0,4890,YYZ,IAH,1758449400,1758462480,203.0,205.0,2880,100,2160000,
205,UA_2242_2025-09-21_IAH_SLC_0_0,4890,IAH,SLC,1758466560,1758478200,204.0,206.0,3060,114,2462400,"[112, 37, 9, 177, 175]"
206,UA_2659_2025-09-21_SLC_IAH_0_0,4890,SLC,IAH,1758481800,1758492840,205.0,207.0,2580,121,2613600,[178]
207,UA_2119_2025-09-21_IAH_SEA_0_0,4890,IAH,SEA,1758497400,1758514680,206.0,,2580,120,2592000,"[114, 102, 39, 13]"
208,UA_2647_2025-09-19_ONT_SFO_0_0,4891,ONT,SFO,1758286800,1758291540,,209.0,2580,124,2678400,
209,UA_1595_2025-09-19_SFO_CMH_0_0,4891,SFO,CMH,1758295500,1758312480,208.0,210.0,2580,125,2700000,"[143, 77, 53, 29]"
210,UA_2002_2025-09-19_CMH_SFO_0_0,4891,CMH,SFO,1758317280,1758335520,209.0,211.0,2580,107,2311200,
211,UA_1743_2025-09-19_SFO_SBA_0_0,4891,SFO,SBA,1758340800,1758345240,210.0,212.0,2580,109,2354400,"[291, 55, 31]"
212,UA_2363_2025-09-20_SBA_SFO_0_0,4891,SBA,SFO,1758375000,1758379200,211.0,213.0,2580,105,2268000,
213,UA_2380_2025-09-20_SFO_DTW_0_0,4891,SFO,DTW,1758382800,1758399960,212.0,214.0,2580,121,2613600,"[293, 147, 57, 33]"
214,UA_2866_2025-09-20_DTW_SFO_0_0,4891,DTW,SFO,1758403920,1758422400,213.0,215.0,2880,98,2116800,
215,UA_1824_2025-09-20_SFO_YVR_0_0,4891,SFO,YVR,1758427260,1758435720,214.0,216.0,3120,47,1015200,
216,UA_1449_2025-09-21_YVR_SFO_0_0,4891,YVR,SFO,1758463200,1758471960,215.0,217.0,2880,125,2700000,
217,UA_255_2025-09-21_SFO_AUS_0_0,4891,SFO,AUS,1758484800,1758497820,216.0,218.0,3060,123,2656800,"[298, 150, 62]"
218,UA_789_2025-09-21_AUS_IAH_0_0,4891,AUS,IAH,1758501900,1758505680,217.0,219.0,2580,84,1814400,[115]
219,UA_1475_2025-09-21_IAH_SAT_0_0,4891,IAH,SAT,1758509100,1758512880,218.0,220.0,2580,100,2160000,"[13, 179]"
220,MX_4891_2025-09-21_SAT_SAT_false,4891,SAT,SAT,1758512880,1758527280,219.0,,5100,0,7500000,
221,UA_3932_2025-09-19_IAH_DEN_0_0,4892,IAH,DEN,1758276000,1758285120,,222.0,0,126,2721600,"[15, 2]"
222,UA_1186_2025-09-19_DEN_RNO_0_0,4892,DEN,RNO,1758291300,1758299760,221.0,223.0,2580,99,2138400,"[237, 118, 166]"
223,UA_1553_2025-09-19_RNO_DEN_0_0,4892,RNO,DEN,1758304800,1758312960,222.0,224.0,2580,118,2548800,
224,UA_1669_2025-09-19_DEN_BUR_0_0,4892,DEN,BUR,1758319080,1758328080,223.0,225.0,2580,88,1900800,"[251, 156, 120, 79]"
225,UA_202_2025-09-19_BUR_DEN_0_0,4892,BUR,DEN,1758332040,1758340800,224.0,226.0,2580,60,1296000,
226,MX_4892_2025-09-19_DEN_DEN_false,4892,DEN,DEN,1758340800,1758376800,225.0,227.0,5100,0,7500000,
227,UA_397_2025-09-20_DEN_SJC_0_0,4892,DEN,SJC,1758377700,1758387060,226.0,228.0,2580,59,1274400,"[254, 241]"
228,UA_431_2025-09-20_SJC_DEN_0_0,4892,SJC,DEN,1758396600,1758405960,227.0,229.0,2580,122,2635200,
229,UA_1300_2025-09-20_DEN_BNA_0_0,4892,DEN,BNA,1758412500,1758422100,228.0,230.0,2580,89,1922400,"[270, 256, 160]"
230,MX_4892_2025-09-20_BNA_BNA_false,4892,BNA,BNA,1758422100,1758450900,229.0,231.0,5100,0,7500000,
231,UA_1716_2025-09-21_BNA_DEN_0_0,4892,BNA,DEN,1758460440,1758471000,230.0,232.0,2580,124,2678400,[149]
232,UA_2154_2025-09-21_DEN_BUR_0_0,4892,DEN,BUR,1758475860,1758484920,231.0,233.0,2580,125,2700000,"[258, 162]"
233,UA_1453_2025-09-21_BUR_SFO_0_0,4892,BUR,SFO,1758488280,1758493800,232.0,234.0,2580,124,2678400,
234,UA_2428_2025-09-21_SFO_SBA_0_0,4892,SFO,SBA,1758497400,1758501840,233.0,235.0,2580,122,2635200,
235,UA_2097_2025-09-21_SBA_SFO_0_0,4892,SBA,SFO,1758505920,1758510180,234.0,236.0,2580,126,2721600,[247]
236,UA_1743_2025-09-21_SFO_SBA_0_0,4892,SFO,SBA,1758513600,1758518040,235.0,,2580,79,1706400,
237,UA_1451_2025-09-19_DEN_GSP_0_0,4893,DEN,GSP,1758297300,1758308400,,238.0,2580,115,2484000,"[249, 222, 154, 118, 166]"
238,UA_1519_2025-09-19_GSP_DEN_0_0,4893,GSP,DEN,1758313800,1758326220,237.0,239.0,2580,113,2440800,
239,UA_723_2025-09-19_DEN_GTF_0_0,4893,DEN,GTF,1758331980,1758338880,238.0,240.0,2580,82,1771200,"[156, 120, 79]"
240,UA_1865_2025-09-20_GTF_DEN_0_0,4893,GTF,DEN,1758373200,1758380280,239.0,241.0,2580,124,2678400,
241,UA_275_2025-09-20_DEN_PNS_0_0,4893,DEN,PNS,1758384900,1758395220,240.0,242.0,2580,126,2721600,"[254, 227, 158]"
242,UA_402_2025-09-20_PNS_DEN_0_0,4893,PNS,DEN,1758401400,1758412320,241.0,243.0,2580,122,2635200,
243,MX_4893_2025-09-20_DEN_DEN_false,4893,DEN,DEN,1758412800,1758499200,242.0,244.0,5100,0,7500000,
244,UA_456_2025-09-21_DEN_AUS_0_0,4893,DEN,AUS,1758464100,1758472140,243.0,245.0,2580,126,2721600,[162]
245,UA_785_2025-09-21_AUS_DEN_0_0,4893,AUS,DEN,1758477360,1758485820,244.0,246.0,2580,123,2656800,
246,UA_1672_2025-09-21_DEN_SBA_0_0,4893,DEN,SBA,1758491100,1758500400,245.0,247.0,2580,124,2678400,"[260, 164, 152]"
247,UA_1924_2025-09-21_SBA_DEN_0_0,4893,SBA,DEN,1758504300,1758513120,246.0,,2580,120,2592000,[235]
248,UA_1418_2025-09-19_SBP_DEN_0_0,4895,SBP,DEN,1758284100,1758293160,,249.0,2580,124,2678400,
249,UA_401_2025-09-19_DEN_HDN_0_0,4895,DEN,HDN,1758302700,1758306060,248.0,250.0,2580,120,2592000,"[237, 154]"
250,UA_762_2025-09-19_HDN_DEN_0_0,4895,HDN,DEN,1758309900,1758314400,249.0,251.0,2580,127,2743200,
251,UA_2285_2025-09-19_DEN_AUS_0_0,4895,DEN,AUS,1758318540,1758326520,250.0,252.0,2580,123,2656800,"[224, 156, 120, 79]"
252,UA_297_2025-09-19_AUS_DEN_0_0,4895,AUS,DEN,1758329940,1758338400,251.0,253.0,2580,111,2397600,"[266, 66]"
253,MX_4895_2025-09-19_DEN_DEN_false,4895,DEN,DEN,1758338400,1758367200,252.0,254.0,5100,0,7500000,
254,UA_1121_2025-09-20_DEN_MSP_0_0,4895,DEN,MSP,1758382800,1758390000,253.0,255.0,2580,119,2570400,"[241, 227, 158]"
255,UA_1604_2025-09-20_MSP_DEN_0_0,4895,MSP,DEN,1758393840,1758402000,254.0,256.0,2580,124,2678400,
256,UA_1726_2025-09-20_DEN_DAY_0_0,4895,DEN,DAY,1758411000,1758420720,255.0,257.0,2580,107,2311200,"[270, 229, 160]"
257,UA_1597_2025-09-21_DAY_DEN_0_0,4895,DAY,DEN,1758461220,1758472500,256.0,258.0,2580,122,2635200,
258,UA_401_2025-09-21_DEN_HDN_0_0,4895,DEN,HDN,1758475500,1758478860,257.0,259.0,2580,115,2484000,"[162, 232]"
259,UA_762_2025-09-21_HDN_DEN_0_0,4895,HDN,DEN,1758482700,1758487200,258.0,260.0,2580,109,2354400,
260,UA_640_2025-09-21_DEN_DFW_0_0,4895,DEN,DFW,1758491820,1758499200,259.0,261.0,2580,123,2656800,"[246, 164, 152]"
261,UA_1184_2025-09-21_DFW_SFO_0_0,4895,DFW,SFO,1758502740,1758516600,260.0,,2580,111,2397600,"[89, 26]"
262,UA_1085_2025-09-19_MEX_IAH_0_0,4896,MEX,IAH,1758278400,1758286560,,263.0,2880,33,712800,
263,UA_2256_2025-09-19_IAH_MTY_0_0,4896,IAH,MTY,1758294540,1758300480,262.0,264.0,3480,102,2203200,"[196, 103, 15, 2]"
264,UA_2026_2025-09-19_MTY_IAH_0_0,4896,MTY,IAH,1758305400,1758310560,263.0,265.0,2880,83,1792800,
265,UA_1711_2025-09-19_IAH_AUS_0_0,4896,IAH,AUS,1758316800,1758320580,264.0,266.0,3480,124,2678400,"[105, 92, 4]"
266,UA_345_2025-09-19_AUS_DEN_0_0,4896,AUS,DEN,1758323940,1758332400,265.0,267.0,2580,126,2721600,"[252, 66]"
267,MX_4896_2025-09-19_DEN_DEN_false,4896,DEN,DEN,1758332400,1758354000,266.0,268.0,5100,0,7500000,
268,UA_493_2025-09-20_DEN_MTJ_0_0,4896,DEN,MTJ,1758396300,1758400080,267.0,269.0,2580,119,2570400,[158]
269,UA_1532_2025-09-20_MTJ_DEN_0_0,4896,MTJ,DEN,1758403440,1758407580,268.0,270.0,2580,91,1965600,
270,UA_616_2025-09-20_DEN_CLT_0_0,4896,DEN,CLT,1758411300,1758423180,269.0,271.0,2580,106,2289600,"[256, 229, 160]"
271,UA_2672_2025-09-21_CLT_ORD_0_0,4896,CLT,ORD,1758451200,1758459600,270.0,272.0,2580,59,1274400,
272,UA_442_2025-09-21_ORD_ORF_0_0,4896,ORD,ORF,1758471600,1758480000,271.0,273.0,2580,126,2721600,"[312, 285, 139, 127, 50, 23]"
273,UA_1710_2025-09-21_ORF_ORD_0_0,4896,ORF,ORD,1758488400,1758497100,272.0,274.0,2580,120,2592000,
274,UA_739_2025-09-21_ORD_SLC_0_0,4896,ORD,SLC,1758502800,1758515760,273.0,,2580,117,2527200,[314]
275,UA_1249_2025-09-19_GRR_ORD_0_0,4897,GRR,ORD,1758288600,1758292860,,276.0,2580,120,2592000,
276,UA_442_2025-09-19_ORD_ORF_0_0,4897,ORD,ORF,1758298800,1758307200,275.0,277.0,2580,126,2721600,"[302, 130, 43]"
277,UA_1710_2025-09-19_ORF_ORD_0_0,4897,ORF,ORD,1758315600,1758324300,276.0,278.0,2580,117,2527200,
278,UA_1069_2025-09-19_ORD_DTW_0_0,4897,ORD,DTW,1758329700,1758334920,277.0,279.0,2580,109,2354400,"[134, 45]"
279,MX_4897_2025-09-19_DTW_DTW_false,4897,DTW,DTW,1758334920,1758352920,278.0,280.0,5100,0,7500000,
280,UA_1909_2025-09-20_DTW_ORD_0_0,4897,DTW,ORD,1758366000,1758371220,279.0,281.0,2580,97,2095200,
281,UA_1705_2025-09-20_ORD_BOI_0_0,4897,ORD,BOI,1758375900,1758389460,280.0,282.0,2580,93,2008800,"[123, 81]"
282,UA_573_2025-09-20_BOI_ORD_0_0,4897,BOI,ORD,1758392820,1758405600,281.0,283.0,2580,121,2613600,[294]
283,UA_2259_2025-09-20_ORD_MSN_0_0,4897,ORD,MSN,1758409440,1758413340,282.0,284.0,2580,103,2224800,[125]
284,UA_1625_2025-09-21_MSN_ORD_0_0,4897,MSN,ORD,1758460500,1758464520,283.0,285.0,2580,126,2721600,
285,UA_2653_2025-09-21_ORD_RDU_0_0,4897,ORD,RDU,1758470460,1758478320,284.0,286.0,2580,123,2656800,"[312, 272, 139, 127, 50, 23]"
286,UA_2395_2025-09-21_RDU_EWR_0_0,4897,RDU,EWR,1758482520,1758488460,285.0,287.0,2580,112,2419200,[87]
287,UA_676_2025-09-21_EWR_AUS_0_0,4897,EWR,AUS,1758495540,1758510300,286.0,,2580,116,2505600,"[192, 141, 75]"
288,UA_1498_2025-09-19_JAC_SFO_0_0,4898,JAC,SFO,1758295800,1758304500,,289.0,2580,74,1598400,
289,UA_394_2025-09-19_SFO_SLC_0_0,4898,SFO,SLC,1758311760,1758318480,288.0,290.0,2580,121,2613600,"[145, 77, 65]"
290,UA_646_2025-09-19_SLC_SFO_0_0,4898,SLC,SFO,1758321900,1758329400,289.0,291.0,2580,114,2462400,
291,UA_2216_2025-09-19_SFO_BUR_0_0,4898,SFO,BUR,1758339600,1758344340,290.0,292.0,2580,94,2030400,"[211, 55, 31]"
292,UA_488_2025-09-20_BUR_SFO_0_0,4898,BUR,SFO,1758377880,1758383400,291.0,293.0,2580,124,2678400,
293,UA_1245_2025-09-20_SFO_BOI_0_0,4898,SFO,BOI,1758391560,1758397740,292.0,294.0,2580,119,2570400,"[213, 147, 57, 33]"
294,UA_324_2025-09-20_BOI_SFO_0_0,4898,BOI,SFO,1758401100,1758407700,293.0,295.0,2580,118,2548800,[282]
295,UA_1174_2025-09-20_SFO_OMA_0_0,4898,SFO,OMA,1758412500,1758424380,294.0,296.0,2580,63,1360800,[59]
296,MX_4898_2025-09-20_OMA_OMA_false,4898,OMA,OMA,1758424380,1758435180,295.0,297.0,5100,0,7500000,
297,UA_2027_2025-09-21_OMA_SFO_0_0,4898,OMA,SFO,1758457800,1758471120,296.0,298.0,2580,127,2743200,
298,UA_336_2025-09-21_SFO_STL_0_0,4898,SFO,STL,1758477060,1758491580,297.0,299.0,2580,116,2505600,"[217, 150, 62]"
299,UA_1603_2025-09-21_STL_SFO_0_0,4898,STL,SFO,1758494940,1758510600,298.0,300.0,2580,121,2613600,
300,MX_4898_2025-09-21_SFO_SFO_false,4898,SFO,SFO,1758510600,1758546600,299.0,,5100,0,7500000,
301,UA_1363_2025-09-19_DSM_ORD_0_0,4899,DSM,ORD,1758286800,1758292440,,302.0,2580,118,2548800,
302,UA_1297_2025-09-19_ORD_MSP_0_0,4899,ORD,MSP,1758296100,1758301860,301.0,303.0,2580,126,2721600,"[276, 130]"
303,UA_2180_2025-09-19_MSP_ORD_0_0,4899,MSP,ORD,1758305400,1758311640,302.0,304.0,2580,120,2592000,[54]
304,UA_2091_2025-09-19_ORD_DSM_0_0,4899,ORD,DSM,1758315000,1758320040,303.0,305.0,2580,110,2376000,"[132, 43]"
305,UA_657_2025-09-19_DSM_ORD_0_0,4899,DSM,ORD,1758324300,1758329940,304.0,306.0,2580,74,1598400,
306,MX_4899_2025-09-19_ORD_ORD_false,4899,ORD,ORD,1758329940,1758365940,305.0,307.0,5100,0,7500000,
307,UA_623_2025-09-20_ORD_ALB_0_0,4899,ORD,ALB,1758394500,1758402120,306.0,308.0,2580,121,2613600,"[137, 48, 21]"
308,UA_249_2025-09-20_ALB_ORD_0_0,4899,ALB,ORD,1758405480,1758414420,307.0,309.0,2580,33,712800,
309,MX_4899_2025-09-20_ORD_ORD_false,4899,ORD,ORD,1758412800,1758585600,308.0,310.0,5100,0,7500000,
310,UA_473_2025-09-21_ORD_DTW_0_0,4899,ORD,DTW,1758457800,1758462780,309.0,311.0,2580,34,734400,"[127, 50]"
311,UA_752_2025-09-21_DTW_ORD_0_0,4899,DTW,ORD,1758466800,1758472020,310.0,312.0,2580,111,2397600,
312,UA_2144_2025-09-21_ORD_YYZ_0_0,4899,ORD,YYZ,1758477900,1758483960,311.0,313.0,3120,120,2592000,"[285, 272, 139, 52, 25, 23]"
313,UA_2121_2025-09-21_YYZ_ORD_0_0,4899,YYZ,ORD,1758489300,1758496320,312.0,314.0,2880,125,2700000,
314,UA_661_2025-09-21_ORD_DSM_0_0,4899,ORD,DSM,1758503700,1758509100,313.0,,3060,125,2700000,[274]
